exp_name,num_steps,distortion,eta,omega,validity_mean,validity_std,vun_mean,vun_std,mmd_mean,mmd_std,mae_mean,time,samples_to_generate,condition_value
qm9_with_h_conditional.ckpt,10,polydec,0.0,0.0,36.328125,0.0,,,0.3755551042276657,0.0,11.067474,"(9.381557703018188, 0.0)",2048,-400
qm9_with_h_conditional.ckpt,10,polydec,0.0,0.2,41.162109375,0.0,,,0.35469609816134917,0.0,37.30788,"(9.382419109344482, 0.0)",2048,-400
qm9_with_h_conditional.ckpt,10,polydec,0.0,0.4,46.337890625,0.0,,,0.37481808071770123,0.0,10.57402,"(9.378483057022095, 0.0)",2048,-400
qm9_with_h_conditional.ckpt,10,polydec,0.0,0.6000000000000001,44.62890625,0.0,,,0.35867125372081654,0.0,19.25518,"(9.375991582870483, 0.0)",2048,-400
qm9_with_h_conditional.ckpt,10,polydec,0.0,0.8,49.90234375,0.0,,,0.3502639796804735,0.0,27.929337,"(9.381314754486084, 0.0)",2048,-400
qm9_with_h_conditional.ckpt,10,polydec,0.0,1.0,49.560546875,0.0,,,0.35219445372396396,0.0,34.960682,"(9.386117458343506, 0.0)",2048,-400
qm9_with_h_conditional.ckpt,10,polydec,25.0,0.0,13.427734375,0.0,,,0.28375870984661344,0.0,43.627625,"(9.379890441894531, 0.0)",2048,-400
qm9_with_h_conditional.ckpt,10,polydec,25.0,0.2,14.453125,0.0,,,0.281615482835203,0.0,56.879303,"(9.38104510307312, 0.0)",2048,-400
qm9_with_h_conditional.ckpt,10,polydec,25.0,0.4,14.208984375,0.0,,,0.28339282680089384,0.0,19.697601,"(9.376869678497314, 0.0)",2048,-400
qm9_with_h_conditional.ckpt,10,polydec,25.0,0.6000000000000001,14.35546875,0.0,,,0.28346897021631756,0.0,39.956493,"(9.379849433898926, 0.0)",2048,-400
qm9_with_h_conditional.ckpt,10,polydec,25.0,0.8,14.84375,0.0,,,0.2802328683236154,0.0,0.0,"(9.380039691925049, 0.0)",2048,-400
qm9_with_h_conditional.ckpt,10,polydec,25.0,1.0,15.478515625,0.0,,,0.28448457443915154,0.0,4.676361,"(9.378324747085571, 0.0)",2048,-400
qm9_with_h_conditional.ckpt,10,polydec,50.0,0.0,9.228515625,0.0,,,0.2728058415223934,0.0,0.0,"(9.38438081741333, 0.0)",2048,-400
qm9_with_h_conditional.ckpt,10,polydec,50.0,0.2,10.009765625,0.0,,,0.2729019251272512,0.0,0.0,"(9.378150701522827, 0.0)",2048,-400
qm9_with_h_conditional.ckpt,10,polydec,50.0,0.4,10.546875,0.0,,,0.2736323667792584,0.0,0.0,"(9.37875485420227, 0.0)",2048,-400
qm9_with_h_conditional.ckpt,10,polydec,50.0,0.6000000000000001,10.25390625,0.0,,,0.26797462115063697,0.0,0.0,"(9.381246328353882, 0.0)",2048,-400
qm9_with_h_conditional.ckpt,10,polydec,50.0,0.8,11.23046875,0.0,,,0.27241139619208266,0.0,0.0,"(9.385392427444458, 0.0)",2048,-400
qm9_with_h_conditional.ckpt,10,polydec,50.0,1.0,10.3515625,0.0,,,0.27454628796707725,0.0,0.0,"(9.385837316513062, 0.0)",2048,-400
qm9_with_h_conditional.ckpt,10,polydec,100.0,0.0,7.861328125,0.0,,,0.2673982463596355,0.0,4.4730835,"(9.385856866836548, 0.0)",2048,-400
qm9_with_h_conditional.ckpt,10,polydec,100.0,0.2,8.3984375,0.0,,,0.2676749899729364,0.0,75.32669,"(9.387404441833496, 0.0)",2048,-400
qm9_with_h_conditional.ckpt,10,polydec,100.0,0.4,7.8125,0.0,,,0.26558539533895303,0.0,4.4730835,"(9.38572359085083, 0.0)",2048,-400
qm9_with_h_conditional.ckpt,10,polydec,100.0,0.6000000000000001,7.71484375,0.0,,,0.2667959824071119,0.0,67.56729,"(9.384806394577026, 0.0)",2048,-400
qm9_with_h_conditional.ckpt,10,polydec,100.0,0.8,7.177734375,0.0,,,0.26677966614619497,0.0,82.29556,"(9.388030767440796, 0.0)",2048,-400
qm9_with_h_conditional.ckpt,10,polydec,100.0,1.0,8.10546875,0.0,,,0.2687099300245286,0.0,82.29556,"(9.382380247116089, 0.0)",2048,-400
qm9_with_h_conditional.ckpt,10,polydec,150.0,0.0,5.95703125,0.0,,,0.2619952295952676,0.0,0.0,"(9.384458780288696, 0.0)",2048,-400
qm9_with_h_conditional.ckpt,10,polydec,150.0,0.2,6.103515625,0.0,,,0.2611818883637528,0.0,0.0,"(9.386275053024292, 0.0)",2048,-400
qm9_with_h_conditional.ckpt,10,polydec,150.0,0.4,5.615234375,0.0,,,0.26256627102096325,0.0,0.0,"(9.38048791885376, 0.0)",2048,-400
qm9_with_h_conditional.ckpt,10,polydec,150.0,0.6000000000000001,5.46875,0.0,,,0.259867900429659,0.0,0.0,"(9.376709222793579, 0.0)",2048,-400
qm9_with_h_conditional.ckpt,10,polydec,150.0,0.8,5.126953125,0.0,,,0.2615481174283442,0.0,0.0,"(9.4027841091156, 0.0)",2048,-400
qm9_with_h_conditional.ckpt,10,polydec,150.0,1.0,5.95703125,0.0,,,0.26139199933274215,0.0,0.0,"(9.376230239868164, 0.0)",2048,-400
qm9_with_h_conditional.ckpt,10,polydec,200.0,0.0,4.58984375,0.0,,,0.26088225495869655,0.0,0.0,"(9.379949569702148, 0.0)",2048,-400
qm9_with_h_conditional.ckpt,10,polydec,200.0,0.2,4.345703125,0.0,,,0.2604584470783941,0.0,0.0,"(9.379586458206177, 0.0)",2048,-400
qm9_with_h_conditional.ckpt,10,polydec,200.0,0.4,4.4921875,0.0,,,0.2603397332172191,0.0,0.0,"(9.380410194396973, 0.0)",2048,-400
qm9_with_h_conditional.ckpt,10,polydec,200.0,0.6000000000000001,4.78515625,0.0,,,0.26006422501361065,0.0,0.0,"(9.385467529296875, 0.0)",2048,-400
qm9_with_h_conditional.ckpt,10,polydec,200.0,0.8,4.98046875,0.0,,,0.26054048414870745,0.0,0.0,"(9.380632400512695, 0.0)",2048,-400
qm9_with_h_conditional.ckpt,10,polydec,200.0,1.0,4.39453125,0.0,,,0.26328542770865726,0.0,0.0,"(9.390658140182495, 0.0)",2048,-400
qm9_with_h_conditional.ckpt,10,polydec,250.0,0.0,4.00390625,0.0,,,0.2670348447275328,0.0,0.0,"(9.382851123809814, 0.0)",2048,-400
qm9_with_h_conditional.ckpt,10,polydec,250.0,0.2,3.61328125,0.0,,,0.26491231436688806,0.0,0.0,"(9.387962818145752, 0.0)",2048,-400
qm9_with_h_conditional.ckpt,10,polydec,250.0,0.4,3.955078125,0.0,,,0.2637404510815755,0.0,0.0,"(9.376178503036499, 0.0)",2048,-400
qm9_with_h_conditional.ckpt,10,polydec,250.0,0.6000000000000001,4.296875,0.0,,,0.26272842235086924,0.0,0.0,"(9.386548042297363, 0.0)",2048,-400
qm9_with_h_conditional.ckpt,10,polydec,250.0,0.8,4.052734375,0.0,,,0.2610218106364761,0.0,0.0,"(9.381673336029053, 0.0)",2048,-400
qm9_with_h_conditional.ckpt,10,polydec,250.0,1.0,3.80859375,0.0,,,0.2613239177150015,0.0,0.0,"(9.391457080841064, 0.0)",2048,-400
qm9_with_h_conditional.ckpt,20,polydec,0.0,0.0,72.16796875,0.0,,,0.35221323318202724,0.0,13.663777,"(18.73781394958496, 0.0)",2048,-400
qm9_with_h_conditional.ckpt,20,polydec,0.0,0.2,76.611328125,0.0,,,0.36805258629366605,0.0,2.0292206,"(18.72775411605835, 0.0)",2048,-400
qm9_with_h_conditional.ckpt,20,polydec,0.0,0.4,77.978515625,0.0,,,0.37422253945621065,0.0,6.694206,"(18.728488206863403, 0.0)",2048,-400
qm9_with_h_conditional.ckpt,20,polydec,0.0,0.6000000000000001,79.150390625,0.0,,,0.3832395005361831,0.0,13.705802,"(18.731203317642212, 0.0)",2048,-400
qm9_with_h_conditional.ckpt,20,polydec,0.0,0.8,79.1015625,0.0,,,0.3648143315473955,0.0,4.9686227,"(18.724969148635864, 0.0)",2048,-400
qm9_with_h_conditional.ckpt,20,polydec,0.0,1.0,80.17578125,0.0,,,0.35725201275166274,0.0,10.892894,"(43.06591272354126, 0.0)",2048,-400
qm9_with_h_conditional.ckpt,20,polydec,25.0,0.0,54.1015625,0.0,,,0.40271581564076653,0.0,27.720543,"(43.07920718193054, 0.0)",2048,-400
qm9_with_h_conditional.ckpt,20,polydec,25.0,0.2,57.373046875,0.0,,,0.3860982868636233,0.0,9.991597,"(43.19035053253174, 0.0)",2048,-400
qm9_with_h_conditional.ckpt,20,polydec,25.0,0.4,57.177734375,0.0,,,0.3880057175544464,0.0,24.822075,"(43.06461429595947, 0.0)",2048,-400
qm9_with_h_conditional.ckpt,20,polydec,25.0,0.6000000000000001,58.154296875,0.0,,,0.3907767009498422,0.0,16.836329,"(18.742353439331055, 0.0)",2048,-400
qm9_with_h_conditional.ckpt,20,polydec,25.0,0.8,60.498046875,0.0,,,0.40072397027419393,0.0,16.548635,"(18.713365077972412, 0.0)",2048,-400
qm9_with_h_conditional.ckpt,20,polydec,25.0,1.0,60.693359375,0.0,,,0.38146892027269186,0.0,14.924841,"(18.72553014755249, 0.0)",2048,-400
qm9_with_h_conditional.ckpt,20,polydec,50.0,0.0,48.095703125,0.0,,,0.3919449899870799,0.0,14.3508,"(18.714007139205933, 0.0)",2048,-400
qm9_with_h_conditional.ckpt,20,polydec,50.0,0.2,48.33984375,0.0,,,0.3970396308402742,0.0,14.720306,"(18.722744464874268, 0.0)",2048,-400
qm9_with_h_conditional.ckpt,20,polydec,50.0,0.4,46.923828125,0.0,,,0.38428906559128306,0.0,9.770345,"(18.730864763259888, 0.0)",2048,-400
qm9_with_h_conditional.ckpt,20,polydec,50.0,0.6000000000000001,49.072265625,0.0,,,0.37875603233822236,0.0,29.161581,"(18.718759059906006, 0.0)",2048,-400
qm9_with_h_conditional.ckpt,20,polydec,50.0,0.8,48.4375,0.0,,,0.38744550333181166,0.0,27.42495,"(18.715254306793213, 0.0)",2048,-400
qm9_with_h_conditional.ckpt,20,polydec,50.0,1.0,51.220703125,0.0,,,0.39092074737256355,0.0,38.006325,"(18.721722841262817, 0.0)",2048,-400
qm9_with_h_conditional.ckpt,20,polydec,100.0,0.0,37.5,0.0,,,0.3799152081664289,0.0,9.020314,"(18.724764347076416, 0.0)",2048,-400
qm9_with_h_conditional.ckpt,20,polydec,100.0,0.2,39.16015625,0.0,,,0.37742375901781744,0.0,18.107208,"(34.579434394836426, 0.0)",2048,-400
qm9_with_h_conditional.ckpt,20,polydec,100.0,0.4,39.6484375,0.0,,,0.3885221973988834,0.0,2.0558624,"(43.17006468772888, 0.0)",2048,-400
qm9_with_h_conditional.ckpt,20,polydec,100.0,0.6000000000000001,39.892578125,0.0,,,0.39250324540459397,0.0,5.208374,"(43.046698808670044, 0.0)",2048,-400
qm9_with_h_conditional.ckpt,20,polydec,100.0,0.8,40.72265625,0.0,,,0.3882219261225066,0.0,64.091156,"(43.245874643325806, 0.0)",2048,-400
qm9_with_h_conditional.ckpt,20,polydec,100.0,1.0,41.455078125,0.0,,,0.39162774920183563,0.0,31.303202,"(43.265722036361694, 0.0)",2048,-400
qm9_with_h_conditional.ckpt,20,polydec,150.0,0.0,31.93359375,0.0,,,0.3277137600699838,0.0,4.508728,"(18.765708446502686, 0.0)",2048,-400
qm9_with_h_conditional.ckpt,20,polydec,150.0,0.2,33.7890625,0.0,,,0.3279428461235066,0.0,24.817026,"(18.77079176902771, 0.0)",2048,-400
qm9_with_h_conditional.ckpt,20,polydec,150.0,0.4,35.05859375,0.0,,,0.337285015499706,0.0,26.96343,"(18.755948781967163, 0.0)",2048,-400
qm9_with_h_conditional.ckpt,20,polydec,150.0,0.6000000000000001,34.47265625,0.0,,,0.33674295204477794,0.0,0.67907715,"(18.756232500076294, 0.0)",2048,-400
qm9_with_h_conditional.ckpt,20,polydec,150.0,0.8,35.44921875,0.0,,,0.32765263662337074,0.0,1.938385,"(28.96040105819702, 0.0)",2048,-400
qm9_with_h_conditional.ckpt,20,polydec,150.0,1.0,35.546875,0.0,,,0.33018673020894096,0.0,1.938385,"(43.178938150405884, 0.0)",2048,-400
qm9_with_h_conditional.ckpt,20,polydec,200.0,0.0,31.787109375,0.0,,,0.31170425263965423,0.0,4.504547,"(43.31422781944275, 0.0)",2048,-400
qm9_with_h_conditional.ckpt,20,polydec,200.0,0.2,31.4453125,0.0,,,0.3062380969755048,0.0,9.112477,"(43.171186447143555, 0.0)",2048,-400
qm9_with_h_conditional.ckpt,20,polydec,200.0,0.4,31.884765625,0.0,,,0.31207005626182627,0.0,8.676137,"(43.26977014541626, 0.0)",2048,-400
qm9_with_h_conditional.ckpt,20,polydec,200.0,0.6000000000000001,30.908203125,0.0,,,0.3076443011395915,0.0,0.0,"(18.764796257019043, 0.0)",2048,-400
qm9_with_h_conditional.ckpt,20,polydec,200.0,0.8,30.76171875,0.0,,,0.3032833949137421,0.0,0.0,"(18.758495092391968, 0.0)",2048,-400
qm9_with_h_conditional.ckpt,20,polydec,200.0,1.0,32.177734375,0.0,,,0.3147669170795474,0.0,23.363983,"(18.743919134140015, 0.0)",2048,-400
qm9_with_h_conditional.ckpt,20,polydec,250.0,0.0,26.220703125,0.0,,,0.28550486823193344,0.0,34.536133,"(18.750059127807617, 0.0)",2048,-400
qm9_with_h_conditional.ckpt,20,polydec,250.0,0.2,27.001953125,0.0,,,0.29569309614422,0.0,49.722725,"(43.16963315010071, 0.0)",2048,-400
qm9_with_h_conditional.ckpt,20,polydec,250.0,0.4,27.099609375,0.0,,,0.2954509087419842,0.0,49.722725,"(43.061208963394165, 0.0)",2048,-400
qm9_with_h_conditional.ckpt,20,polydec,250.0,0.6000000000000001,27.685546875,0.0,,,0.29246921869143405,0.0,56.264606,"(41.57042860984802, 0.0)",2048,-400
qm9_with_h_conditional.ckpt,20,polydec,250.0,0.8,27.24609375,0.0,,,0.2922681950407083,0.0,61.350067,"(36.48093390464783, 0.0)",2048,-400
qm9_with_h_conditional.ckpt,20,polydec,250.0,1.0,28.3203125,0.0,,,0.2867872319650687,0.0,56.644745,"(18.751381635665894, 0.0)",2048,-400
qm9_with_h_conditional.ckpt,30,polydec,0.0,0.0,81.787109375,0.0,,,0.39612173494859737,0.0,4.8158393,"(60.9508376121521, 0.0)",2048,-400
qm9_with_h_conditional.ckpt,30,polydec,0.0,0.2,84.375,0.0,,,0.3919589936184591,0.0,5.862148,"(63.862619400024414, 0.0)",2048,-400
qm9_with_h_conditional.ckpt,30,polydec,0.0,0.4,84.765625,0.0,,,0.39396402159073995,0.0,6.745649,"(62.08265495300293, 0.0)",2048,-400
qm9_with_h_conditional.ckpt,30,polydec,0.0,0.6000000000000001,86.1328125,0.0,,,0.3680255239778171,0.0,18.495031,"(28.101232051849365, 0.0)",2048,-400
qm9_with_h_conditional.ckpt,30,polydec,0.0,0.8,84.375,0.0,,,0.3694217357837936,0.0,16.971912,"(63.86046051979065, 0.0)",2048,-400
qm9_with_h_conditional.ckpt,30,polydec,0.0,1.0,86.669921875,0.0,,,0.36217233264567394,0.0,2.9409363,"(62.23978781700134, 0.0)",2048,-400
qm9_with_h_conditional.ckpt,30,polydec,25.0,0.0,76.26953125,0.0,,,0.43337691591262256,0.0,6.151184,"(63.73759627342224, 0.0)",2048,-400
qm9_with_h_conditional.ckpt,30,polydec,25.0,0.2,76.611328125,0.0,,,0.43101262071444957,0.0,13.21139,"(32.286967039108276, 0.0)",2048,-400
qm9_with_h_conditional.ckpt,30,polydec,25.0,0.4,77.783203125,0.0,,,0.4352370626212657,0.0,8.787609,"(61.95141005516052, 0.0)",2048,-400
qm9_with_h_conditional.ckpt,30,polydec,25.0,0.6000000000000001,79.541015625,0.0,,,0.40465253516142363,0.0,8.337433,"(62.24089813232422, 0.0)",2048,-400
qm9_with_h_conditional.ckpt,30,polydec,25.0,0.8,81.005859375,0.0,,,0.4228632112015882,0.0,10.791539,"(63.79846954345703, 0.0)",2048,-400
qm9_with_h_conditional.ckpt,30,polydec,25.0,1.0,79.931640625,0.0,,,0.4181233235107357,0.0,6.907972,"(28.176745414733887, 0.0)",2048,-400
qm9_with_h_conditional.ckpt,30,polydec,50.0,0.0,74.0234375,0.0,,,0.3978822772070286,0.0,13.83105,"(62.00740337371826, 0.0)",2048,-400
qm9_with_h_conditional.ckpt,30,polydec,50.0,0.2,76.513671875,0.0,,,0.40698088560831003,0.0,14.143988,"(63.6381618976593, 0.0)",2048,-400
qm9_with_h_conditional.ckpt,30,polydec,50.0,0.4,74.8046875,0.0,,,0.38761993264664607,0.0,12.797165,"(63.74797201156616, 0.0)",2048,-400
qm9_with_h_conditional.ckpt,30,polydec,50.0,0.6000000000000001,75.68359375,0.0,,,0.3830781594616864,0.0,18.501692,"(57.53731894493103, 0.0)",2048,-400
qm9_with_h_conditional.ckpt,30,polydec,50.0,0.8,75.537109375,0.0,,,0.38975618783705474,0.0,11.817967,"(63.84035801887512, 0.0)",2048,-400
qm9_with_h_conditional.ckpt,30,polydec,50.0,1.0,75.78125,0.0,,,0.38550892634509126,0.0,15.078862,"(64.0501434803009, 0.0)",2048,-400
qm9_with_h_conditional.ckpt,30,polydec,100.0,0.0,68.408203125,0.0,,,0.3792421696095303,0.0,5.008693,"(55.52316951751709, 0.0)",2048,-400
qm9_with_h_conditional.ckpt,30,polydec,100.0,0.2,68.45703125,0.0,,,0.37809498277246845,0.0,13.642034,"(63.90804362297058, 0.0)",2048,-400
qm9_with_h_conditional.ckpt,30,polydec,100.0,0.4,70.263671875,0.0,,,0.38591416146592716,0.0,20.93742,"(64.05531740188599, 0.0)",2048,-400
qm9_with_h_conditional.ckpt,30,polydec,100.0,0.6000000000000001,68.65234375,0.0,,,0.3905005403405649,0.0,14.910304,"(62.25852584838867, 0.0)",2048,-400
qm9_with_h_conditional.ckpt,30,polydec,100.0,0.8,66.943359375,0.0,,,0.38329907633135846,0.0,10.592485,"(34.46837520599365, 0.0)",2048,-400
qm9_with_h_conditional.ckpt,30,polydec,100.0,1.0,68.701171875,0.0,,,0.3720434296622749,0.0,19.046007,"(63.882890462875366, 0.0)",2048,-400
qm9_with_h_conditional.ckpt,30,polydec,150.0,0.0,61.767578125,0.0,,,0.38651326384754014,0.0,12.033241,"(62.12266492843628, 0.0)",2048,-400
qm9_with_h_conditional.ckpt,30,polydec,150.0,0.2,62.59765625,0.0,,,0.39663780115627145,0.0,11.472382,"(62.230401277542114, 0.0)",2048,-400
qm9_with_h_conditional.ckpt,30,polydec,150.0,0.4,62.59765625,0.0,,,0.3798646348511915,0.0,11.920654,"(28.164321184158325, 0.0)",2048,-400
qm9_with_h_conditional.ckpt,30,polydec,150.0,0.6000000000000001,64.306640625,0.0,,,0.37370056019901443,0.0,12.022362,"(63.80010747909546, 0.0)",2048,-400
qm9_with_h_conditional.ckpt,30,polydec,150.0,0.8,65.185546875,0.0,,,0.374061323493058,0.0,21.1857,"(63.854697465896606, 0.0)",2048,-400
qm9_with_h_conditional.ckpt,30,polydec,150.0,1.0,65.283203125,0.0,,,0.3799923495392503,0.0,24.960186,"(62.0225043296814, 0.0)",2048,-400
qm9_with_h_conditional.ckpt,30,polydec,200.0,0.0,57.71484375,0.0,,,0.3811238903205313,0.0,11.176819,"(28.105813026428223, 0.0)",2048,-400
qm9_with_h_conditional.ckpt,30,polydec,200.0,0.2,59.08203125,0.0,,,0.3807783003517293,0.0,5.125814,"(28.103667974472046, 0.0)",2048,-400
qm9_with_h_conditional.ckpt,30,polydec,200.0,0.4,59.86328125,0.0,,,0.36765762588538375,0.0,10.696218,"(28.089914083480835, 0.0)",2048,-400
qm9_with_h_conditional.ckpt,30,polydec,200.0,0.6000000000000001,59.9609375,0.0,,,0.37415694852605064,0.0,2.4627914,"(28.09695601463318, 0.0)",2048,-400
qm9_with_h_conditional.ckpt,30,polydec,200.0,0.8,60.107421875,0.0,,,0.37583444198448057,0.0,2.0212708,"(28.102370262145996, 0.0)",2048,-400
qm9_with_h_conditional.ckpt,30,polydec,200.0,1.0,59.765625,0.0,,,0.37497682992963977,0.0,8.878876,"(28.085761785507202, 0.0)",2048,-400
qm9_with_h_conditional.ckpt,30,polydec,250.0,0.0,54.1015625,0.0,,,0.3750592243292914,0.0,16.059101,"(28.081616640090942, 0.0)",2048,-400
qm9_with_h_conditional.ckpt,30,polydec,250.0,0.2,54.39453125,0.0,,,0.37266223969149637,0.0,10.360992,"(28.11147904396057, 0.0)",2048,-400
qm9_with_h_conditional.ckpt,30,polydec,250.0,0.4,55.17578125,0.0,,,0.36489207156346265,0.0,9.939062,"(28.11909580230713, 0.0)",2048,-400
qm9_with_h_conditional.ckpt,30,polydec,250.0,0.6000000000000001,56.689453125,0.0,,,0.35937099815277573,0.0,17.08932,"(28.056068181991577, 0.0)",2048,-400
qm9_with_h_conditional.ckpt,30,polydec,250.0,0.8,56.73828125,0.0,,,0.369711713238347,0.0,23.837677,"(28.056394815444946, 0.0)",2048,-400
qm9_with_h_conditional.ckpt,30,polydec,250.0,1.0,57.275390625,0.0,,,0.3568821452527331,0.0,9.694311,"(28.06095266342163, 0.0)",2048,-400
qm9_with_h_conditional.ckpt,40,polydec,0.0,0.0,86.42578125,0.0,,,0.3865216518156067,0.0,3.4675598,"(37.34930992126465, 0.0)",2048,-400
qm9_with_h_conditional.ckpt,40,polydec,0.0,0.2,87.59765625,0.0,,,0.40499880932657895,0.0,6.535675,"(37.34811329841614, 0.0)",2048,-400
qm9_with_h_conditional.ckpt,40,polydec,0.0,0.4,85.546875,0.0,,,0.38146245017698166,0.0,6.892765,"(37.356464862823486, 0.0)",2048,-400
qm9_with_h_conditional.ckpt,40,polydec,0.0,0.6000000000000001,87.158203125,0.0,,,0.3747101639493251,0.0,6.561466,"(37.3640398979187, 0.0)",2048,-400
qm9_with_h_conditional.ckpt,40,polydec,0.0,0.8,87.59765625,0.0,,,0.3645832964953337,0.0,13.838057,"(37.351797342300415, 0.0)",2048,-400
qm9_with_h_conditional.ckpt,40,polydec,0.0,1.0,86.669921875,0.0,,,0.3619586310451967,0.0,12.58429,"(37.355467319488525, 0.0)",2048,-400
qm9_with_h_conditional.ckpt,40,polydec,25.0,0.0,80.95703125,0.0,,,0.43057870542099075,0.0,16.549816,"(37.37700152397156, 0.0)",2048,-400
qm9_with_h_conditional.ckpt,40,polydec,25.0,0.2,84.375,0.0,,,0.43066767775545955,0.0,26.67132,"(37.362236738204956, 0.0)",2048,-400
qm9_with_h_conditional.ckpt,40,polydec,25.0,0.4,85.64453125,0.0,,,0.4262417462199214,0.0,22.289572,"(37.36216974258423, 0.0)",2048,-400
qm9_with_h_conditional.ckpt,40,polydec,25.0,0.6000000000000001,85.83984375,0.0,,,0.42002615008448607,0.0,10.980443,"(37.35395574569702, 0.0)",2048,-400
qm9_with_h_conditional.ckpt,40,polydec,25.0,0.8,85.15625,0.0,,,0.4158427969790531,0.0,21.015276,"(37.35972595214844, 0.0)",2048,-400
qm9_with_h_conditional.ckpt,40,polydec,25.0,1.0,85.693359375,0.0,,,0.40568487846583323,0.0,10.589735,"(37.37750506401062, 0.0)",2048,-400
qm9_with_h_conditional.ckpt,40,polydec,50.0,0.0,81.494140625,0.0,,,0.40319218264439727,0.0,8.739044,"(37.362321615219116, 0.0)",2048,-400
qm9_with_h_conditional.ckpt,40,polydec,50.0,0.2,83.056640625,0.0,,,0.41261650000920747,0.0,3.9200096,"(37.36124229431152, 0.0)",2048,-400
qm9_with_h_conditional.ckpt,40,polydec,50.0,0.4,84.08203125,0.0,,,0.4122522041890756,0.0,21.59151,"(37.338233947753906, 0.0)",2048,-400
qm9_with_h_conditional.ckpt,40,polydec,50.0,0.6000000000000001,84.619140625,0.0,,,0.3864095213260707,0.0,8.740889,"(37.34417772293091, 0.0)",2048,-400
qm9_with_h_conditional.ckpt,40,polydec,50.0,0.8,85.05859375,0.0,,,0.3984141861983172,0.0,15.834281,"(37.34403109550476, 0.0)",2048,-400
qm9_with_h_conditional.ckpt,40,polydec,50.0,1.0,83.740234375,0.0,,,0.39776639722318463,0.0,9.926784,"(37.345765113830566, 0.0)",2048,-400
qm9_with_h_conditional.ckpt,40,polydec,100.0,0.0,80.419921875,0.0,,,0.3723130249187684,0.0,17.069635,"(37.35204839706421, 0.0)",2048,-400
qm9_with_h_conditional.ckpt,40,polydec,100.0,0.2,82.080078125,0.0,,,0.38197607916107834,0.0,8.916985,"(37.358097076416016, 0.0)",2048,-400
qm9_with_h_conditional.ckpt,40,polydec,100.0,0.4,81.0546875,0.0,,,0.392589013999973,0.0,14.433788,"(37.35195875167847, 0.0)",2048,-400
qm9_with_h_conditional.ckpt,40,polydec,100.0,0.6000000000000001,80.95703125,0.0,,,0.3841421865079113,0.0,18.52442,"(37.34504985809326, 0.0)",2048,-400
qm9_with_h_conditional.ckpt,40,polydec,100.0,0.8,81.201171875,0.0,,,0.4069783277882442,0.0,19.824871,"(37.374916315078735, 0.0)",2048,-400
qm9_with_h_conditional.ckpt,40,polydec,100.0,1.0,80.810546875,0.0,,,0.406479200567301,0.0,6.037735,"(37.39562368392944, 0.0)",2048,-400
qm9_with_h_conditional.ckpt,40,polydec,150.0,0.0,77.83203125,0.0,,,0.3824995148844528,0.0,22.42912,"(37.35434079170227, 0.0)",2048,-400
qm9_with_h_conditional.ckpt,40,polydec,150.0,0.2,77.63671875,0.0,,,0.3823437749623852,0.0,15.542705,"(37.34515595436096, 0.0)",2048,-400
qm9_with_h_conditional.ckpt,40,polydec,150.0,0.4,77.099609375,0.0,,,0.3572097002057334,0.0,14.806752,"(37.37733459472656, 0.0)",2048,-400
qm9_with_h_conditional.ckpt,40,polydec,150.0,0.6000000000000001,78.173828125,0.0,,,0.3728786525705208,0.0,15.188202,"(37.350547552108765, 0.0)",2048,-400
qm9_with_h_conditional.ckpt,40,polydec,150.0,0.8,77.63671875,0.0,,,0.35797851303037154,0.0,19.072178,"(37.350733041763306, 0.0)",2048,-400
qm9_with_h_conditional.ckpt,40,polydec,150.0,1.0,79.1015625,0.0,,,0.35392558983394073,0.0,11.889073,"(37.35168814659119, 0.0)",2048,-400
qm9_with_h_conditional.ckpt,40,polydec,200.0,0.0,74.4140625,0.0,,,0.34980334132992286,0.0,9.298653,"(37.36750936508179, 0.0)",2048,-400
qm9_with_h_conditional.ckpt,40,polydec,200.0,0.2,76.3671875,0.0,,,0.3492102261732518,0.0,9.416601,"(37.35278940200806, 0.0)",2048,-400
qm9_with_h_conditional.ckpt,40,polydec,200.0,0.4,76.5625,0.0,,,0.3540736749923621,0.0,12.530116,"(37.3404757976532, 0.0)",2048,-400
qm9_with_h_conditional.ckpt,40,polydec,200.0,0.6000000000000001,76.416015625,0.0,,,0.3570807333267093,0.0,20.244503,"(37.36644625663757, 0.0)",2048,-400
qm9_with_h_conditional.ckpt,40,polydec,200.0,0.8,77.294921875,0.0,,,0.35777332857806854,0.0,12.234536,"(37.36647653579712, 0.0)",2048,-400
qm9_with_h_conditional.ckpt,40,polydec,200.0,1.0,76.5625,0.0,,,0.34500788549478123,0.0,8.675293,"(37.397600412368774, 0.0)",2048,-400
qm9_with_h_conditional.ckpt,40,polydec,250.0,0.0,71.875,0.0,,,0.3386187608145822,0.0,6.6804123,"(37.376408100128174, 0.0)",2048,-400
qm9_with_h_conditional.ckpt,40,polydec,250.0,0.2,72.65625,0.0,,,0.3564086106835451,0.0,8.397383,"(37.38417053222656, 0.0)",2048,-400
qm9_with_h_conditional.ckpt,40,polydec,250.0,0.4,72.216796875,0.0,,,0.3736464994457419,0.0,6.3950195,"(37.378989458084106, 0.0)",2048,-400
qm9_with_h_conditional.ckpt,40,polydec,250.0,0.6000000000000001,72.65625,0.0,,,0.36805761392916686,0.0,8.741647,"(37.401612997055054, 0.0)",2048,-400
qm9_with_h_conditional.ckpt,40,polydec,250.0,0.8,72.36328125,0.0,,,0.37005980156027485,0.0,4.044225,"(37.359753131866455, 0.0)",2048,-400
qm9_with_h_conditional.ckpt,40,polydec,250.0,1.0,71.337890625,0.0,,,0.3689169956101814,0.0,5.157782,"(37.36208415031433, 0.0)",2048,-400
qm9_with_h_conditional.ckpt,50,polydec,0.0,0.0,87.5,0.0,,,0.3934242280541068,0.0,3.331459,"(46.678866386413574, 0.0)",2048,-400
qm9_with_h_conditional.ckpt,50,polydec,0.0,0.2,86.865234375,0.0,,,0.37700898503306246,0.0,9.077728,"(46.679245710372925, 0.0)",2048,-400
qm9_with_h_conditional.ckpt,50,polydec,0.0,0.4,87.451171875,0.0,,,0.3842807386474867,0.0,13.83609,"(46.67255878448486, 0.0)",2048,-400
qm9_with_h_conditional.ckpt,50,polydec,0.0,0.6000000000000001,88.4765625,0.0,,,0.38022929383007265,0.0,4.6025796,"(46.680102825164795, 0.0)",2048,-400
qm9_with_h_conditional.ckpt,50,polydec,0.0,0.8,87.158203125,0.0,,,0.3757166376587564,0.0,9.37207,"(46.68273425102234, 0.0)",2048,-400
qm9_with_h_conditional.ckpt,50,polydec,0.0,1.0,87.890625,0.0,,,0.3822928110501788,0.0,13.90421,"(46.67937159538269, 0.0)",2048,-400
qm9_with_h_conditional.ckpt,50,polydec,25.0,0.0,85.25390625,0.0,,,0.41908100374736756,0.0,21.790873,"(46.665608167648315, 0.0)",2048,-400
qm9_with_h_conditional.ckpt,50,polydec,25.0,0.2,85.7421875,0.0,,,0.42390334276487135,0.0,15.207545,"(46.67175626754761, 0.0)",2048,-400
qm9_with_h_conditional.ckpt,50,polydec,25.0,0.4,86.62109375,0.0,,,0.4073387348154467,0.0,6.447754,"(46.66533946990967, 0.0)",2048,-400
qm9_with_h_conditional.ckpt,50,polydec,25.0,0.6000000000000001,86.962890625,0.0,,,0.4217731480628458,0.0,7.3428,"(46.681731939315796, 0.0)",2048,-400
qm9_with_h_conditional.ckpt,50,polydec,25.0,0.8,87.158203125,0.0,,,0.411343925894082,0.0,13.5877075,"(46.680779218673706, 0.0)",2048,-400
qm9_with_h_conditional.ckpt,50,polydec,25.0,1.0,88.134765625,0.0,,,0.4176894278965878,0.0,12.159454,"(46.67145562171936, 0.0)",2048,-400
qm9_with_h_conditional.ckpt,50,polydec,50.0,0.0,84.033203125,0.0,,,0.4056948631194641,0.0,17.071245,"(46.682074308395386, 0.0)",2048,-400
qm9_with_h_conditional.ckpt,50,polydec,50.0,0.2,85.693359375,0.0,,,0.40700301962298846,0.0,10.5348425,"(46.67321753501892, 0.0)",2048,-400
qm9_with_h_conditional.ckpt,50,polydec,50.0,0.4,86.474609375,0.0,,,0.4088926202527038,0.0,8.060634,"(46.68192458152771, 0.0)",2048,-400
qm9_with_h_conditional.ckpt,50,polydec,50.0,0.6000000000000001,86.865234375,0.0,,,0.3872989652880714,0.0,10.713998,"(46.664849519729614, 0.0)",2048,-400
qm9_with_h_conditional.ckpt,50,polydec,50.0,0.8,86.279296875,0.0,,,0.395158012867704,0.0,15.352848,"(46.669097900390625, 0.0)",2048,-400
qm9_with_h_conditional.ckpt,50,polydec,50.0,1.0,87.646484375,0.0,,,0.39205045187961873,0.0,17.265856,"(46.69976329803467, 0.0)",2048,-400
qm9_with_h_conditional.ckpt,50,polydec,100.0,0.0,83.7890625,0.0,,,0.3791404917157747,0.0,16.07074,"(46.666271448135376, 0.0)",2048,-400
qm9_with_h_conditional.ckpt,50,polydec,100.0,0.2,86.9140625,0.0,,,0.36073336087925506,0.0,4.3538566,"(46.67457127571106, 0.0)",2048,-400
qm9_with_h_conditional.ckpt,50,polydec,100.0,0.4,85.986328125,0.0,,,0.3788969616645008,0.0,8.413722,"(46.66902995109558, 0.0)",2048,-400
qm9_with_h_conditional.ckpt,50,polydec,100.0,0.6000000000000001,85.205078125,0.0,,,0.3804082032988314,0.0,4.4946246,"(46.675376176834106, 0.0)",2048,-400
qm9_with_h_conditional.ckpt,50,polydec,100.0,0.8,84.86328125,0.0,,,0.353565684175925,0.0,4.5815997,"(46.67787551879883, 0.0)",2048,-400
qm9_with_h_conditional.ckpt,50,polydec,100.0,1.0,85.3515625,0.0,,,0.3627636010419807,0.0,6.351177,"(46.66385865211487, 0.0)",2048,-400
qm9_with_h_conditional.ckpt,50,polydec,150.0,0.0,83.056640625,0.0,,,0.38270135641163316,0.0,12.01535,"(46.66784739494324, 0.0)",2048,-400
qm9_with_h_conditional.ckpt,50,polydec,150.0,0.2,83.544921875,0.0,,,0.37945093915342115,0.0,20.291693,"(46.659019231796265, 0.0)",2048,-400
qm9_with_h_conditional.ckpt,50,polydec,150.0,0.4,83.447265625,0.0,,,0.3569136732823166,0.0,21.56431,"(46.670987606048584, 0.0)",2048,-400
qm9_with_h_conditional.ckpt,50,polydec,150.0,0.6000000000000001,83.88671875,0.0,,,0.3520501629882531,0.0,9.983775,"(46.66728234291077, 0.0)",2048,-400
qm9_with_h_conditional.ckpt,50,polydec,150.0,0.8,85.05859375,0.0,,,0.35655797957913526,0.0,6.8287573,"(46.703559160232544, 0.0)",2048,-400
qm9_with_h_conditional.ckpt,50,polydec,150.0,1.0,84.9609375,0.0,,,0.37059468562509923,0.0,10.123304,"(46.68537783622742, 0.0)",2048,-400
qm9_with_h_conditional.ckpt,50,polydec,200.0,0.0,81.689453125,0.0,,,0.37018568564119825,0.0,9.408992,"(46.68308138847351, 0.0)",2048,-400
qm9_with_h_conditional.ckpt,50,polydec,200.0,0.2,82.373046875,0.0,,,0.3607519845633448,0.0,15.916453,"(46.6724739074707, 0.0)",2048,-400
qm9_with_h_conditional.ckpt,50,polydec,200.0,0.4,81.591796875,0.0,,,0.34209885242650306,0.0,14.224435,"(46.671276807785034, 0.0)",2048,-400
qm9_with_h_conditional.ckpt,50,polydec,200.0,0.6000000000000001,81.884765625,0.0,,,0.356715259553818,0.0,12.432719,"(46.67179083824158, 0.0)",2048,-400
qm9_with_h_conditional.ckpt,50,polydec,200.0,0.8,82.177734375,0.0,,,0.3475810593870631,0.0,20.877186,"(46.66886878013611, 0.0)",2048,-400
qm9_with_h_conditional.ckpt,50,polydec,200.0,1.0,83.3984375,0.0,,,0.34275077221234784,0.0,18.223074,"(46.68429088592529, 0.0)",2048,-400
qm9_with_h_conditional.ckpt,50,polydec,250.0,0.0,80.76171875,0.0,,,0.3526593651990265,0.0,24.528181,"(46.68352293968201, 0.0)",2048,-400
qm9_with_h_conditional.ckpt,50,polydec,250.0,0.2,82.2265625,0.0,,,0.34992361697616503,0.0,14.76887,"(46.689696073532104, 0.0)",2048,-400
qm9_with_h_conditional.ckpt,50,polydec,250.0,0.4,81.54296875,0.0,,,0.3590153228403426,0.0,17.073322,"(46.69035363197327, 0.0)",2048,-400
qm9_with_h_conditional.ckpt,50,polydec,250.0,0.6000000000000001,82.080078125,0.0,,,0.35233627802804857,0.0,15.973638,"(46.66151261329651, 0.0)",2048,-400
qm9_with_h_conditional.ckpt,50,polydec,250.0,0.8,81.591796875,0.0,,,0.3549216623222284,0.0,7.320666,"(46.65550708770752, 0.0)",2048,-400
qm9_with_h_conditional.ckpt,50,polydec,250.0,1.0,80.810546875,0.0,,,0.35178375868136114,0.0,6.709913,"(46.65867733955383, 0.0)",2048,-400
qm9_with_h_conditional.ckpt,60,polydec,0.0,0.0,88.28125,0.0,,,0.40188673160006194,0.0,10.5583935,"(55.981196641922, 0.0)",2048,-400
qm9_with_h_conditional.ckpt,60,polydec,0.0,0.2,87.841796875,0.0,,,0.3936295384963873,0.0,3.3579712,"(56.02424144744873, 0.0)",2048,-400
qm9_with_h_conditional.ckpt,60,polydec,0.0,0.4,87.158203125,0.0,,,0.38827896021127417,0.0,4.0729423,"(56.03432869911194, 0.0)",2048,-400
qm9_with_h_conditional.ckpt,60,polydec,0.0,0.6000000000000001,88.232421875,0.0,,,0.3862244029619156,0.0,7.2138586,"(56.016183614730835, 0.0)",2048,-400
qm9_with_h_conditional.ckpt,60,polydec,0.0,0.8,88.96484375,0.0,,,0.3768497003640493,0.0,7.6109314,"(56.03207039833069, 0.0)",2048,-400
qm9_with_h_conditional.ckpt,60,polydec,0.0,1.0,87.841796875,0.0,,,0.36949919946756277,0.0,7.319069,"(55.99621391296387, 0.0)",2048,-400
qm9_with_h_conditional.ckpt,60,polydec,25.0,0.0,86.376953125,0.0,,,0.4096518540039502,0.0,4.462269,"(55.99465203285217, 0.0)",2048,-400
qm9_with_h_conditional.ckpt,60,polydec,25.0,0.2,87.255859375,0.0,,,0.42533966612965457,0.0,15.735762,"(55.98612976074219, 0.0)",2048,-400
qm9_with_h_conditional.ckpt,60,polydec,25.0,0.4,87.744140625,0.0,,,0.4138453054204969,0.0,5.485565,"(56.04838514328003, 0.0)",2048,-400
qm9_with_h_conditional.ckpt,60,polydec,25.0,0.6000000000000001,88.37890625,0.0,,,0.40976588283610776,0.0,9.187149,"(56.07486605644226, 0.0)",2048,-400
qm9_with_h_conditional.ckpt,60,polydec,25.0,0.8,88.57421875,0.0,,,0.4150874112522163,0.0,11.508785,"(56.069167137145996, 0.0)",2048,-400
qm9_with_h_conditional.ckpt,60,polydec,25.0,1.0,88.28125,0.0,,,0.4095427733850412,0.0,8.236023,"(56.13507270812988, 0.0)",2048,-400
qm9_with_h_conditional.ckpt,60,polydec,50.0,0.0,87.646484375,0.0,,,0.39600798830714,0.0,8.16833,"(56.08480930328369, 0.0)",2048,-400
qm9_with_h_conditional.ckpt,60,polydec,50.0,0.2,90.0390625,0.0,,,0.3953353799509927,0.0,10.415916,"(56.102314472198486, 0.0)",2048,-400
qm9_with_h_conditional.ckpt,60,polydec,50.0,0.4,88.720703125,0.0,,,0.3962472593618399,0.0,15.26545,"(56.11945462226868, 0.0)",2048,-400
qm9_with_h_conditional.ckpt,60,polydec,50.0,0.6000000000000001,87.744140625,0.0,,,0.3998180759093882,0.0,13.315577,"(56.116370677948, 0.0)",2048,-400
qm9_with_h_conditional.ckpt,60,polydec,50.0,0.8,87.79296875,0.0,,,0.40054696789682614,0.0,4.866843,"(56.11388182640076, 0.0)",2048,-400
qm9_with_h_conditional.ckpt,60,polydec,50.0,1.0,87.060546875,0.0,,,0.39302865056656217,0.0,4.9769897,"(56.105140686035156, 0.0)",2048,-400
qm9_with_h_conditional.ckpt,60,polydec,100.0,0.0,86.865234375,0.0,,,0.36546790999494594,0.0,5.8049884,"(56.129971742630005, 0.0)",2048,-400
qm9_with_h_conditional.ckpt,60,polydec,100.0,0.2,87.744140625,0.0,,,0.35249645590309314,0.0,6.312474,"(56.01232647895813, 0.0)",2048,-400
qm9_with_h_conditional.ckpt,60,polydec,100.0,0.4,87.548828125,0.0,,,0.3837226545128567,0.0,4.4698095,"(55.99024438858032, 0.0)",2048,-400
qm9_with_h_conditional.ckpt,60,polydec,100.0,0.6000000000000001,86.9140625,0.0,,,0.3817244744450645,0.0,13.576762,"(55.98453903198242, 0.0)",2048,-400
qm9_with_h_conditional.ckpt,60,polydec,100.0,0.8,86.42578125,0.0,,,0.37721506836247465,0.0,17.073364,"(55.98731589317322, 0.0)",2048,-400
qm9_with_h_conditional.ckpt,60,polydec,100.0,1.0,87.79296875,0.0,,,0.389140840959914,0.0,10.110121,"(56.00111103057861, 0.0)",2048,-400
qm9_with_h_conditional.ckpt,60,polydec,150.0,0.0,85.15625,0.0,,,0.39018878978573374,0.0,16.593012,"(55.99318552017212, 0.0)",2048,-400
qm9_with_h_conditional.ckpt,60,polydec,150.0,0.2,85.400390625,0.0,,,0.3745987606829735,0.0,11.701701,"(56.00622057914734, 0.0)",2048,-400
qm9_with_h_conditional.ckpt,60,polydec,150.0,0.4,84.521484375,0.0,,,0.3645535287795511,0.0,13.169726,"(56.007951736450195, 0.0)",2048,-400
qm9_with_h_conditional.ckpt,60,polydec,150.0,0.6000000000000001,86.181640625,0.0,,,0.3763769107041246,0.0,5.340258,"(55.98934626579285, 0.0)",2048,-400
qm9_with_h_conditional.ckpt,60,polydec,150.0,0.8,86.03515625,0.0,,,0.37912942131400584,0.0,6.103874,"(55.996012449264526, 0.0)",2048,-400
qm9_with_h_conditional.ckpt,60,polydec,150.0,1.0,86.181640625,0.0,,,0.3437196296674415,0.0,8.075972,"(55.9989492893219, 0.0)",2048,-400
qm9_with_h_conditional.ckpt,60,polydec,200.0,0.0,86.23046875,0.0,,,0.37117072363015424,0.0,16.40292,"(56.00863242149353, 0.0)",2048,-400
qm9_with_h_conditional.ckpt,60,polydec,200.0,0.2,86.572265625,0.0,,,0.36477659370589144,0.0,16.699535,"(55.98983120918274, 0.0)",2048,-400
qm9_with_h_conditional.ckpt,60,polydec,200.0,0.4,86.23046875,0.0,,,0.38015804889919036,0.0,15.454346,"(56.013837814331055, 0.0)",2048,-400
qm9_with_h_conditional.ckpt,60,polydec,200.0,0.6000000000000001,86.62109375,0.0,,,0.38450728730945377,0.0,5.661865,"(56.023701906204224, 0.0)",2048,-400
qm9_with_h_conditional.ckpt,60,polydec,200.0,0.8,85.888671875,0.0,,,0.3559507309857527,0.0,6.0530243,"(56.01226735115051, 0.0)",2048,-400
qm9_with_h_conditional.ckpt,60,polydec,200.0,1.0,85.791015625,0.0,,,0.3538654570792211,0.0,10.227997,"(56.023685693740845, 0.0)",2048,-400
qm9_with_h_conditional.ckpt,60,polydec,250.0,0.0,85.107421875,0.0,,,0.36834523534163016,0.0,12.695129,"(56.011184215545654, 0.0)",2048,-400
qm9_with_h_conditional.ckpt,60,polydec,250.0,0.2,85.009765625,0.0,,,0.35660604110281263,0.0,8.518168,"(56.00431799888611, 0.0)",2048,-400
qm9_with_h_conditional.ckpt,60,polydec,250.0,0.4,84.814453125,0.0,,,0.3488953341981691,0.0,6.5611534,"(55.991618633270264, 0.0)",2048,-400
qm9_with_h_conditional.ckpt,60,polydec,250.0,0.6000000000000001,85.25390625,0.0,,,0.36764360856091916,0.0,13.306819,"(55.98787975311279, 0.0)",2048,-400
qm9_with_h_conditional.ckpt,60,polydec,250.0,0.8,84.619140625,0.0,,,0.3785525609952547,0.0,12.009501,"(55.994712352752686, 0.0)",2048,-400
qm9_with_h_conditional.ckpt,60,polydec,250.0,1.0,85.546875,0.0,,,0.34896572107594204,0.0,20.673767,"(56.00644564628601, 0.0)",2048,-400
qm9_with_h_conditional.ckpt,70,polydec,0.0,0.0,88.96484375,0.0,,,0.40113974654314233,0.0,11.245636,"(65.33117580413818, 0.0)",2048,-400
qm9_with_h_conditional.ckpt,70,polydec,0.0,0.2,88.037109375,0.0,,,0.39274577506911257,0.0,3.9225807,"(65.33095479011536, 0.0)",2048,-400
qm9_with_h_conditional.ckpt,70,polydec,0.0,0.4,88.427734375,0.0,,,0.3972817014642051,0.0,12.514757,"(65.33347201347351, 0.0)",2048,-400
qm9_with_h_conditional.ckpt,70,polydec,0.0,0.6000000000000001,88.57421875,0.0,,,0.39500944382698555,0.0,6.4561157,"(65.34878087043762, 0.0)",2048,-400
qm9_with_h_conditional.ckpt,70,polydec,0.0,0.8,88.671875,0.0,,,0.38708142184576877,0.0,12.017639,"(65.32714033126831, 0.0)",2048,-400
qm9_with_h_conditional.ckpt,70,polydec,0.0,1.0,89.208984375,0.0,,,0.3890433633089607,0.0,8.40923,"(65.33098077774048, 0.0)",2048,-400
qm9_with_h_conditional.ckpt,70,polydec,25.0,0.0,88.330078125,0.0,,,0.4014850792968514,0.0,7.7469788,"(65.33522820472717, 0.0)",2048,-400
qm9_with_h_conditional.ckpt,70,polydec,25.0,0.2,89.208984375,0.0,,,0.4062546427812873,0.0,18.37201,"(65.33007192611694, 0.0)",2048,-400
qm9_with_h_conditional.ckpt,70,polydec,25.0,0.4,89.16015625,0.0,,,0.40993401928865403,0.0,7.764179,"(65.36311960220337, 0.0)",2048,-400
qm9_with_h_conditional.ckpt,70,polydec,25.0,0.6000000000000001,89.16015625,0.0,,,0.4049010489081313,0.0,17.151169,"(65.30749797821045, 0.0)",2048,-400
qm9_with_h_conditional.ckpt,70,polydec,25.0,0.8,89.453125,0.0,,,0.39974243469201515,0.0,8.47621,"(65.32593750953674, 0.0)",2048,-400
qm9_with_h_conditional.ckpt,70,polydec,25.0,1.0,89.6484375,0.0,,,0.40128009825702715,0.0,12.687883,"(65.31351280212402, 0.0)",2048,-400
qm9_with_h_conditional.ckpt,70,polydec,50.0,0.0,87.841796875,0.0,,,0.3891247148468628,0.0,23.106136,"(65.334312915802, 0.0)",2048,-400
qm9_with_h_conditional.ckpt,70,polydec,50.0,0.2,88.96484375,0.0,,,0.3897810784119641,0.0,11.872736,"(65.3881242275238, 0.0)",2048,-400
qm9_with_h_conditional.ckpt,70,polydec,50.0,0.4,88.0859375,0.0,,,0.3910708486093313,0.0,4.853193,"(65.39022135734558, 0.0)",2048,-400
qm9_with_h_conditional.ckpt,70,polydec,50.0,0.6000000000000001,89.55078125,0.0,,,0.39537355532942625,0.0,4.190098,"(65.35475826263428, 0.0)",2048,-400
qm9_with_h_conditional.ckpt,70,polydec,50.0,0.8,88.57421875,0.0,,,0.385963482794326,0.0,13.027293,"(65.33523535728455, 0.0)",2048,-400
qm9_with_h_conditional.ckpt,70,polydec,50.0,1.0,89.501953125,0.0,,,0.3966976591499032,0.0,12.793679,"(65.30452632904053, 0.0)",2048,-400
qm9_with_h_conditional.ckpt,70,polydec,100.0,0.0,87.79296875,0.0,,,0.3767688916515625,0.0,4.4603357,"(65.29008436203003, 0.0)",2048,-400
qm9_with_h_conditional.ckpt,70,polydec,100.0,0.2,89.013671875,0.0,,,0.361550878793342,0.0,5.1323814,"(65.29771494865417, 0.0)",2048,-400
qm9_with_h_conditional.ckpt,70,polydec,100.0,0.4,88.96484375,0.0,,,0.37648670059925027,0.0,7.2827277,"(65.3012204170227, 0.0)",2048,-400
qm9_with_h_conditional.ckpt,70,polydec,100.0,0.6000000000000001,89.453125,0.0,,,0.3769571317945208,0.0,9.376348,"(65.31743669509888, 0.0)",2048,-400
qm9_with_h_conditional.ckpt,70,polydec,100.0,0.8,89.55078125,0.0,,,0.34431438600528697,0.0,4.10413,"(65.33279752731323, 0.0)",2048,-400
qm9_with_h_conditional.ckpt,70,polydec,100.0,1.0,87.98828125,0.0,,,0.3402105591142527,0.0,4.5695314,"(65.32443857192993, 0.0)",2048,-400
qm9_with_h_conditional.ckpt,70,polydec,150.0,0.0,87.5,0.0,,,0.36235924448054835,0.0,9.341217,"(65.30696249008179, 0.0)",2048,-400
qm9_with_h_conditional.ckpt,70,polydec,150.0,0.2,87.255859375,0.0,,,0.36407395053427366,0.0,6.453321,"(65.3079788684845, 0.0)",2048,-400
qm9_with_h_conditional.ckpt,70,polydec,150.0,0.4,87.744140625,0.0,,,0.37628986530002106,0.0,12.120422,"(65.3428246974945, 0.0)",2048,-400
qm9_with_h_conditional.ckpt,70,polydec,150.0,0.6000000000000001,87.5,0.0,,,0.3714380885632462,0.0,19.621195,"(65.34334206581116, 0.0)",2048,-400
qm9_with_h_conditional.ckpt,70,polydec,150.0,0.8,86.328125,0.0,,,0.3681668874268455,0.0,19.84702,"(65.35460996627808, 0.0)",2048,-400
qm9_with_h_conditional.ckpt,70,polydec,150.0,1.0,86.865234375,0.0,,,0.3578646705256113,0.0,14.197331,"(65.37357330322266, 0.0)",2048,-400
qm9_with_h_conditional.ckpt,70,polydec,200.0,0.0,87.109375,0.0,,,0.35361058688705144,0.0,12.319227,"(65.31863808631897, 0.0)",2048,-400
qm9_with_h_conditional.ckpt,70,polydec,200.0,0.2,86.62109375,0.0,,,0.3444749098858292,0.0,19.907051,"(65.3263463973999, 0.0)",2048,-400
qm9_with_h_conditional.ckpt,70,polydec,200.0,0.4,87.109375,0.0,,,0.36571371767650396,0.0,17.98872,"(65.34317946434021, 0.0)",2048,-400
qm9_with_h_conditional.ckpt,70,polydec,200.0,0.6000000000000001,88.4765625,0.0,,,0.34222785086341634,0.0,14.906756,"(65.30502843856812, 0.0)",2048,-400
qm9_with_h_conditional.ckpt,70,polydec,200.0,0.8,87.744140625,0.0,,,0.3403033185046265,0.0,10.782781,"(65.33831357955933, 0.0)",2048,-400
qm9_with_h_conditional.ckpt,70,polydec,200.0,1.0,87.109375,0.0,,,0.3514921704225057,0.0,19.278255,"(65.32051420211792, 0.0)",2048,-400
qm9_with_h_conditional.ckpt,70,polydec,250.0,0.0,85.791015625,0.0,,,0.3644045905589501,0.0,5.4194894,"(65.33041286468506, 0.0)",2048,-400
qm9_with_h_conditional.ckpt,70,polydec,250.0,0.2,85.791015625,0.0,,,0.3574533028252331,0.0,5.929834,"(65.33785080909729, 0.0)",2048,-400
qm9_with_h_conditional.ckpt,70,polydec,250.0,0.4,86.328125,0.0,,,0.3520246942122356,0.0,8.048431,"(65.32168412208557, 0.0)",2048,-400
qm9_with_h_conditional.ckpt,70,polydec,250.0,0.6000000000000001,87.01171875,0.0,,,0.3324957558502865,0.0,6.4695687,"(65.32065606117249, 0.0)",2048,-400
qm9_with_h_conditional.ckpt,70,polydec,250.0,0.8,87.5,0.0,,,0.3359917991310413,0.0,5.98142,"(65.31525301933289, 0.0)",2048,-400
qm9_with_h_conditional.ckpt,70,polydec,250.0,1.0,87.353515625,0.0,,,0.3345726760651609,0.0,5.991734,"(65.31655311584473, 0.0)",2048,-400
qm9_with_h_conditional.ckpt,80,polydec,0.0,0.0,88.525390625,0.0,,,0.410525982019716,0.0,7.295227,"(74.67164421081543, 0.0)",2048,-400
qm9_with_h_conditional.ckpt,80,polydec,0.0,0.2,88.623046875,0.0,,,0.39507731271586516,0.0,18.015554,"(74.64586806297302, 0.0)",2048,-400
qm9_with_h_conditional.ckpt,80,polydec,0.0,0.4,88.427734375,0.0,,,0.3966220893867865,0.0,5.212542,"(74.6463942527771, 0.0)",2048,-400
qm9_with_h_conditional.ckpt,80,polydec,0.0,0.6000000000000001,87.841796875,0.0,,,0.3798082037429381,0.0,9.653722,"(74.6690628528595, 0.0)",2048,-400
qm9_with_h_conditional.ckpt,80,polydec,0.0,0.8,89.0625,0.0,,,0.38758999365663643,0.0,7.2285113,"(74.66125965118408, 0.0)",2048,-400
qm9_with_h_conditional.ckpt,80,polydec,0.0,1.0,89.111328125,0.0,,,0.3795711713161495,0.0,9.404402,"(74.66908168792725, 0.0)",2048,-400
qm9_with_h_conditional.ckpt,80,polydec,25.0,0.0,88.28125,0.0,,,0.4066568251361512,0.0,10.035156,"(74.66465711593628, 0.0)",2048,-400
qm9_with_h_conditional.ckpt,80,polydec,25.0,0.2,88.330078125,0.0,,,0.4086830425922852,0.0,5.2672553,"(74.6428062915802, 0.0)",2048,-400
qm9_with_h_conditional.ckpt,80,polydec,25.0,0.4,88.671875,0.0,,,0.40575441672655277,0.0,6.2467165,"(74.73701739311218, 0.0)",2048,-400
qm9_with_h_conditional.ckpt,80,polydec,25.0,0.6000000000000001,88.623046875,0.0,,,0.40031985246277446,0.0,17.5694,"(74.64349722862244, 0.0)",2048,-400
qm9_with_h_conditional.ckpt,80,polydec,25.0,0.8,89.55078125,0.0,,,0.4026547986681702,0.0,9.921683,"(74.66662454605103, 0.0)",2048,-400
qm9_with_h_conditional.ckpt,80,polydec,25.0,1.0,88.96484375,0.0,,,0.415413864913744,0.0,8.647595,"(74.6566572189331, 0.0)",2048,-400
qm9_with_h_conditional.ckpt,80,polydec,50.0,0.0,88.4765625,0.0,,,0.38973348085128745,0.0,11.208018,"(74.69502401351929, 0.0)",2048,-400
qm9_with_h_conditional.ckpt,80,polydec,50.0,0.2,89.208984375,0.0,,,0.38157787424167494,0.0,14.71494,"(74.65913152694702, 0.0)",2048,-400
qm9_with_h_conditional.ckpt,80,polydec,50.0,0.4,89.404296875,0.0,,,0.385282002525121,0.0,17.815979,"(74.65578317642212, 0.0)",2048,-400
qm9_with_h_conditional.ckpt,80,polydec,50.0,0.6000000000000001,90.13671875,0.0,,,0.38644963276564437,0.0,15.113337,"(74.66070508956909, 0.0)",2048,-400
qm9_with_h_conditional.ckpt,80,polydec,50.0,0.8,89.111328125,0.0,,,0.38996122063354044,0.0,16.095926,"(74.68645787239075, 0.0)",2048,-400
qm9_with_h_conditional.ckpt,80,polydec,50.0,1.0,89.404296875,0.0,,,0.38582429903040993,0.0,23.24023,"(74.63234949111938, 0.0)",2048,-400
qm9_with_h_conditional.ckpt,80,polydec,100.0,0.0,88.37890625,0.0,,,0.35542632614112424,0.0,13.305223,"(74.6613039970398, 0.0)",2048,-400
qm9_with_h_conditional.ckpt,80,polydec,100.0,0.2,88.720703125,0.0,,,0.36600691759783327,0.0,12.426427,"(74.66982340812683, 0.0)",2048,-400
qm9_with_h_conditional.ckpt,80,polydec,100.0,0.4,88.232421875,0.0,,,0.36358603228704556,0.0,11.286146,"(74.71592497825623, 0.0)",2048,-400
qm9_with_h_conditional.ckpt,80,polydec,100.0,0.6000000000000001,88.96484375,0.0,,,0.348797666330194,0.0,13.936257,"(74.69471716880798, 0.0)",2048,-400
qm9_with_h_conditional.ckpt,80,polydec,100.0,0.8,89.453125,0.0,,,0.34593806157381113,0.0,13.251928,"(74.71398591995239, 0.0)",2048,-400
qm9_with_h_conditional.ckpt,80,polydec,100.0,1.0,90.13671875,0.0,,,0.3575540890947707,0.0,2.8325908,"(74.73622632026672, 0.0)",2048,-400
qm9_with_h_conditional.ckpt,80,polydec,150.0,0.0,88.96484375,0.0,,,0.35574114103393784,0.0,6.5655007,"(74.71304106712341, 0.0)",2048,-400
qm9_with_h_conditional.ckpt,80,polydec,150.0,0.2,87.646484375,0.0,,,0.3653922718013106,0.0,8.069926,"(74.67531323432922, 0.0)",2048,-400
qm9_with_h_conditional.ckpt,80,polydec,150.0,0.4,88.28125,0.0,,,0.36147039476948106,0.0,13.329631,"(74.65711069107056, 0.0)",2048,-400
qm9_with_h_conditional.ckpt,80,polydec,150.0,0.6000000000000001,88.4765625,0.0,,,0.3614938911601183,0.0,8.103088,"(74.63823103904724, 0.0)",2048,-400
qm9_with_h_conditional.ckpt,80,polydec,150.0,0.8,88.916015625,0.0,,,0.35888098101095656,0.0,6.8588004,"(74.64615106582642, 0.0)",2048,-400
qm9_with_h_conditional.ckpt,80,polydec,150.0,1.0,88.671875,0.0,,,0.35898053428227095,0.0,5.1040444,"(74.64245009422302, 0.0)",2048,-400
qm9_with_h_conditional.ckpt,80,polydec,200.0,0.0,89.2578125,0.0,,,0.34518408825972535,0.0,11.926583,"(74.65187430381775, 0.0)",2048,-400
qm9_with_h_conditional.ckpt,80,polydec,200.0,0.2,88.720703125,0.0,,,0.3355660915134118,0.0,8.513663,"(74.64504289627075, 0.0)",2048,-400
qm9_with_h_conditional.ckpt,80,polydec,200.0,0.4,87.5,0.0,,,0.3378667943409377,0.0,9.441337,"(74.6282787322998, 0.0)",2048,-400
qm9_with_h_conditional.ckpt,80,polydec,200.0,0.6000000000000001,88.037109375,0.0,,,0.3335880285316532,0.0,7.482971,"(74.61838579177856, 0.0)",2048,-400
qm9_with_h_conditional.ckpt,80,polydec,200.0,0.8,88.623046875,0.0,,,0.3404019646091419,0.0,12.2356825,"(74.67296004295349, 0.0)",2048,-400
qm9_with_h_conditional.ckpt,80,polydec,200.0,1.0,88.134765625,0.0,,,0.3203471102273595,0.0,2.566106,"(74.6368396282196, 0.0)",2048,-400
qm9_with_h_conditional.ckpt,80,polydec,250.0,0.0,89.111328125,0.0,,,0.3517786937806977,0.0,17.08144,"(74.66405725479126, 0.0)",2048,-400
qm9_with_h_conditional.ckpt,80,polydec,250.0,0.2,88.671875,0.0,,,0.3547651534110625,0.0,12.435542,"(74.6611807346344, 0.0)",2048,-400
qm9_with_h_conditional.ckpt,80,polydec,250.0,0.4,87.890625,0.0,,,0.3412876666681278,0.0,8.194407,"(74.69434666633606, 0.0)",2048,-400
qm9_with_h_conditional.ckpt,80,polydec,250.0,0.6000000000000001,87.5,0.0,,,0.3595595381827453,0.0,7.9533515,"(74.7027325630188, 0.0)",2048,-400
qm9_with_h_conditional.ckpt,80,polydec,250.0,0.8,86.474609375,0.0,,,0.3358238343061417,0.0,5.095058,"(74.68281292915344, 0.0)",2048,-400
qm9_with_h_conditional.ckpt,80,polydec,250.0,1.0,87.255859375,0.0,,,0.34167028059657745,0.0,5.02389,"(74.65442419052124, 0.0)",2048,-400
qm9_with_h_conditional.ckpt,90,polydec,0.0,0.0,89.16015625,0.0,,,0.4030762399668887,0.0,10.180647,"(83.98444843292236, 0.0)",2048,-400
qm9_with_h_conditional.ckpt,90,polydec,0.0,0.2,89.599609375,0.0,,,0.3895553727977388,0.0,9.473241,"(83.95891427993774, 0.0)",2048,-400
qm9_with_h_conditional.ckpt,90,polydec,0.0,0.4,88.720703125,0.0,,,0.39980238934691154,0.0,2.251007,"(83.97985291481018, 0.0)",2048,-400
qm9_with_h_conditional.ckpt,90,polydec,0.0,0.6000000000000001,89.0625,0.0,,,0.3839973016235646,0.0,8.983359,"(83.9549286365509, 0.0)",2048,-400
qm9_with_h_conditional.ckpt,90,polydec,0.0,0.8,89.794921875,0.0,,,0.37393347501488905,0.0,10.611771,"(83.96262812614441, 0.0)",2048,-400
qm9_with_h_conditional.ckpt,90,polydec,0.0,1.0,88.671875,0.0,,,0.3757030826756215,0.0,4.5200152,"(83.97439861297607, 0.0)",2048,-400
qm9_with_h_conditional.ckpt,90,polydec,25.0,0.0,88.0859375,0.0,,,0.39973967026311874,0.0,2.5040817,"(84.04200839996338, 0.0)",2048,-400
qm9_with_h_conditional.ckpt,90,polydec,25.0,0.2,90.4296875,0.0,,,0.3915676383673653,0.0,13.700344,"(83.98262667655945, 0.0)",2048,-400
qm9_with_h_conditional.ckpt,90,polydec,25.0,0.4,89.55078125,0.0,,,0.4002685980844023,0.0,10.778305,"(83.95075249671936, 0.0)",2048,-400
qm9_with_h_conditional.ckpt,90,polydec,25.0,0.6000000000000001,89.35546875,0.0,,,0.4040323244200023,0.0,12.660631,"(83.9960081577301, 0.0)",2048,-400
qm9_with_h_conditional.ckpt,90,polydec,25.0,0.8,88.8671875,0.0,,,0.3917023193955518,0.0,16.73031,"(83.97687435150146, 0.0)",2048,-400
qm9_with_h_conditional.ckpt,90,polydec,25.0,1.0,89.55078125,0.0,,,0.39703117254659304,0.0,22.631907,"(84.01785445213318, 0.0)",2048,-400
qm9_with_h_conditional.ckpt,90,polydec,50.0,0.0,89.16015625,0.0,,,0.37663261607235676,0.0,12.9524765,"(84.00978636741638, 0.0)",2048,-400
qm9_with_h_conditional.ckpt,90,polydec,50.0,0.2,88.671875,0.0,,,0.3718165833415797,0.0,10.277786,"(84.00447058677673, 0.0)",2048,-400
qm9_with_h_conditional.ckpt,90,polydec,50.0,0.4,89.697265625,0.0,,,0.37930012634497323,0.0,7.858393,"(83.98758435249329, 0.0)",2048,-400
qm9_with_h_conditional.ckpt,90,polydec,50.0,0.6000000000000001,88.37890625,0.0,,,0.3818644968200823,0.0,8.140949,"(84.0012035369873, 0.0)",2048,-400
qm9_with_h_conditional.ckpt,90,polydec,50.0,0.8,88.4765625,0.0,,,0.3808555096092622,0.0,12.712868,"(83.99154305458069, 0.0)",2048,-400
qm9_with_h_conditional.ckpt,90,polydec,50.0,1.0,89.16015625,0.0,,,0.38890964278477824,0.0,13.363024,"(83.98818325996399, 0.0)",2048,-400
qm9_with_h_conditional.ckpt,90,polydec,100.0,0.0,89.404296875,0.0,,,0.3764312315421081,0.0,20.127115,"(84.00641655921936, 0.0)",2048,-400
qm9_with_h_conditional.ckpt,90,polydec,100.0,0.2,89.306640625,0.0,,,0.3796816126469653,0.0,14.231262,"(84.00718331336975, 0.0)",2048,-400
qm9_with_h_conditional.ckpt,90,polydec,100.0,0.4,87.646484375,0.0,,,0.34664030690255854,0.0,8.885939,"(84.02497696876526, 0.0)",2048,-400
qm9_with_h_conditional.ckpt,90,polydec,100.0,0.6000000000000001,87.451171875,0.0,,,0.35226806999041815,0.0,6.6291986,"(83.98010516166687, 0.0)",2048,-400
qm9_with_h_conditional.ckpt,90,polydec,100.0,0.8,88.8671875,0.0,,,0.3687000606159989,0.0,9.986318,"(84.03276634216309, 0.0)",2048,-400
qm9_with_h_conditional.ckpt,90,polydec,100.0,1.0,89.404296875,0.0,,,0.3635326018787566,0.0,14.643433,"(84.10863947868347, 0.0)",2048,-400
qm9_with_h_conditional.ckpt,90,polydec,150.0,0.0,88.8671875,0.0,,,0.3522710085151801,0.0,7.2794843,"(84.265380859375, 0.0)",2048,-400
qm9_with_h_conditional.ckpt,90,polydec,150.0,0.2,89.599609375,0.0,,,0.36040756906227145,0.0,9.520134,"(84.14000868797302, 0.0)",2048,-400
qm9_with_h_conditional.ckpt,90,polydec,150.0,0.4,88.916015625,0.0,,,0.3554294509809778,0.0,5.5667686,"(84.10460186004639, 0.0)",2048,-400
qm9_with_h_conditional.ckpt,90,polydec,150.0,0.6000000000000001,89.6484375,0.0,,,0.3376839730963427,0.0,3.8855667,"(84.13011145591736, 0.0)",2048,-400
qm9_with_h_conditional.ckpt,90,polydec,150.0,0.8,89.74609375,0.0,,,0.34028222602045854,0.0,7.997284,"(84.15271878242493, 0.0)",2048,-400
qm9_with_h_conditional.ckpt,90,polydec,150.0,1.0,88.76953125,0.0,,,0.3241339847346434,0.0,7.294182,"(84.14410209655762, 0.0)",2048,-400
qm9_with_h_conditional.ckpt,90,polydec,200.0,0.0,88.427734375,0.0,,,0.35396959860195304,0.0,7.24514,"(84.10956287384033, 0.0)",2048,-400
qm9_with_h_conditional.ckpt,90,polydec,200.0,0.2,88.671875,0.0,,,0.35703910926073334,0.0,15.511055,"(84.00755000114441, 0.0)",2048,-400
qm9_with_h_conditional.ckpt,90,polydec,200.0,0.4,89.6484375,0.0,,,0.3537262333383519,0.0,8.014731,"(84.1008551120758, 0.0)",2048,-400
qm9_with_h_conditional.ckpt,90,polydec,200.0,0.6000000000000001,87.939453125,0.0,,,0.3390876796451194,0.0,7.96783,"(84.33399963378906, 0.0)",2048,-400
qm9_with_h_conditional.ckpt,90,polydec,200.0,0.8,88.57421875,0.0,,,0.31752381139495167,0.0,7.996624,"(84.15975856781006, 0.0)",2048,-400
qm9_with_h_conditional.ckpt,90,polydec,200.0,1.0,89.94140625,0.0,,,0.3295054582646419,0.0,5.4008446,"(84.00882315635681, 0.0)",2048,-400
qm9_with_h_conditional.ckpt,90,polydec,250.0,0.0,89.208984375,0.0,,,0.36183229438828873,0.0,7.0789948,"(84.10313367843628, 0.0)",2048,-400
qm9_with_h_conditional.ckpt,90,polydec,250.0,0.2,88.134765625,0.0,,,0.35815539283871245,0.0,7.080017,"(84.00349974632263, 0.0)",2048,-400
qm9_with_h_conditional.ckpt,90,polydec,250.0,0.4,88.76953125,0.0,,,0.3625751858260263,0.0,5.4704285,"(84.01985836029053, 0.0)",2048,-400
qm9_with_h_conditional.ckpt,90,polydec,250.0,0.6000000000000001,87.79296875,0.0,,,0.3505269074726136,0.0,14.255066,"(84.02967405319214, 0.0)",2048,-400
qm9_with_h_conditional.ckpt,90,polydec,250.0,0.8,88.76953125,0.0,,,0.35948199180182533,0.0,14.749672,"(84.01042079925537, 0.0)",2048,-400
qm9_with_h_conditional.ckpt,90,polydec,250.0,1.0,89.794921875,0.0,,,0.3430186449141379,0.0,19.560917,"(83.97040224075317, 0.0)",2048,-400
qm9_with_h_conditional.ckpt,100,polydec,0.0,0.0,89.404296875,0.0,,,0.40471187139643006,0.0,17.814802,"(93.28629422187805, 0.0)",2048,-400
qm9_with_h_conditional.ckpt,100,polydec,0.0,0.2,88.623046875,0.0,,,0.3990515582784691,0.0,13.042419,"(93.48901987075806, 0.0)",2048,-400
qm9_with_h_conditional.ckpt,100,polydec,0.0,0.4,89.74609375,0.0,,,0.3969762011197978,0.0,20.921274,"(93.49311947822571, 0.0)",2048,-400
qm9_with_h_conditional.ckpt,100,polydec,0.0,0.6000000000000001,89.35546875,0.0,,,0.39341782481371657,0.0,5.3131757,"(93.29835152626038, 0.0)",2048,-400
qm9_with_h_conditional.ckpt,100,polydec,0.0,0.8,88.4765625,0.0,,,0.3808609569719275,0.0,7.587302,"(93.48656678199768, 0.0)",2048,-400
qm9_with_h_conditional.ckpt,100,polydec,0.0,1.0,88.671875,0.0,,,0.3788015925992813,0.0,9.005386,"(93.29831671714783, 0.0)",2048,-400
qm9_with_h_conditional.ckpt,100,polydec,25.0,0.0,89.404296875,0.0,,,0.38192713619549723,0.0,4.981762,"(93.31878900527954, 0.0)",2048,-400
qm9_with_h_conditional.ckpt,100,polydec,25.0,0.2,90.0390625,0.0,,,0.3964684447122012,0.0,9.986852,"(93.48474025726318, 0.0)",2048,-400
qm9_with_h_conditional.ckpt,100,polydec,25.0,0.4,89.6484375,0.0,,,0.4004844617385961,0.0,9.126579,"(93.35324001312256, 0.0)",2048,-400
qm9_with_h_conditional.ckpt,100,polydec,25.0,0.6000000000000001,89.794921875,0.0,,,0.39437796483546583,0.0,20.155752,"(93.32394337654114, 0.0)",2048,-400
qm9_with_h_conditional.ckpt,100,polydec,25.0,0.8,89.2578125,0.0,,,0.38460779986091265,0.0,8.8743515,"(93.2795844078064, 0.0)",2048,-400
qm9_with_h_conditional.ckpt,100,polydec,25.0,1.0,89.94140625,0.0,,,0.39712068066008355,0.0,12.824219,"(93.31133532524109, 0.0)",2048,-400
qm9_with_h_conditional.ckpt,100,polydec,50.0,0.0,89.306640625,0.0,,,0.3809012879291308,0.0,2.5467427,"(93.29605627059937, 0.0)",2048,-400
qm9_with_h_conditional.ckpt,100,polydec,50.0,0.2,88.96484375,0.0,,,0.38222133619996124,0.0,8.552974,"(93.30971193313599, 0.0)",2048,-400
qm9_with_h_conditional.ckpt,100,polydec,50.0,0.4,88.57421875,0.0,,,0.3808378946250563,0.0,12.518402,"(93.30116605758667, 0.0)",2048,-400
qm9_with_h_conditional.ckpt,100,polydec,50.0,0.6000000000000001,89.6484375,0.0,,,0.3782151741329371,0.0,7.6702957,"(93.3547797203064, 0.0)",2048,-400
qm9_with_h_conditional.ckpt,100,polydec,50.0,0.8,90.478515625,0.0,,,0.3786303675328069,0.0,4.243937,"(93.33181524276733, 0.0)",2048,-400
qm9_with_h_conditional.ckpt,100,polydec,50.0,1.0,89.35546875,0.0,,,0.37061003372266776,0.0,12.545009,"(93.30015873908997, 0.0)",2048,-400
qm9_with_h_conditional.ckpt,100,polydec,100.0,0.0,88.818359375,0.0,,,0.34783415750830327,0.0,5.8379006,"(93.30369091033936, 0.0)",2048,-400
qm9_with_h_conditional.ckpt,100,polydec,100.0,0.2,88.623046875,0.0,,,0.3479198422020717,0.0,13.844727,"(93.3512110710144, 0.0)",2048,-400
qm9_with_h_conditional.ckpt,100,polydec,100.0,0.4,89.16015625,0.0,,,0.37268348832346987,0.0,13.921437,"(93.37104272842407, 0.0)",2048,-400
qm9_with_h_conditional.ckpt,100,polydec,100.0,0.6000000000000001,88.427734375,0.0,,,0.356645897573836,0.0,5.689556,"(93.38168978691101, 0.0)",2048,-400
qm9_with_h_conditional.ckpt,100,polydec,100.0,0.8,89.013671875,0.0,,,0.3493778299289335,0.0,4.970108,"(93.4849500656128, 0.0)",2048,-400
qm9_with_h_conditional.ckpt,100,polydec,100.0,1.0,91.2109375,0.0,,,0.3647374758908904,0.0,6.292282,"(93.48756074905396, 0.0)",2048,-400
qm9_with_h_conditional.ckpt,100,polydec,150.0,0.0,89.111328125,0.0,,,0.3439616712414775,0.0,11.373219,"(93.50000023841858, 0.0)",2048,-400
qm9_with_h_conditional.ckpt,100,polydec,150.0,0.2,89.0625,0.0,,,0.355881191782059,0.0,7.8576484,"(93.50202131271362, 0.0)",2048,-400
qm9_with_h_conditional.ckpt,100,polydec,150.0,0.4,89.6484375,0.0,,,0.3527930869327076,0.0,9.617691,"(93.51600956916809, 0.0)",2048,-400
qm9_with_h_conditional.ckpt,100,polydec,150.0,0.6000000000000001,89.55078125,0.0,,,0.34297588930847556,0.0,18.745413,"(93.52983260154724, 0.0)",2048,-400
qm9_with_h_conditional.ckpt,100,polydec,150.0,0.8,89.208984375,0.0,,,0.35319560127908173,0.0,13.16646,"(93.49325227737427, 0.0)",2048,-400
qm9_with_h_conditional.ckpt,100,polydec,150.0,1.0,87.5,0.0,,,0.34548153408776583,0.0,9.181221,"(93.46267008781433, 0.0)",2048,-400
qm9_with_h_conditional.ckpt,100,polydec,200.0,0.0,89.306640625,0.0,,,0.357250202134733,0.0,3.9211807,"(93.48304343223572, 0.0)",2048,-400
qm9_with_h_conditional.ckpt,100,polydec,200.0,0.2,89.55078125,0.0,,,0.3493811663884837,0.0,4.7994576,"(93.47544836997986, 0.0)",2048,-400
qm9_with_h_conditional.ckpt,100,polydec,200.0,0.4,89.208984375,0.0,,,0.351622655430847,0.0,4.8601336,"(93.41511869430542, 0.0)",2048,-400
qm9_with_h_conditional.ckpt,100,polydec,200.0,0.6000000000000001,88.720703125,0.0,,,0.34772383917813454,0.0,17.057905,"(93.56922793388367, 0.0)",2048,-400
qm9_with_h_conditional.ckpt,100,polydec,200.0,0.8,89.013671875,0.0,,,0.33469724218183655,0.0,11.450151,"(93.58240461349487, 0.0)",2048,-400
qm9_with_h_conditional.ckpt,100,polydec,200.0,1.0,89.55078125,0.0,,,0.34023840410151945,0.0,6.9943924,"(206.80920243263245, 0.0)",2048,-400
qm9_with_h_conditional.ckpt,100,polydec,250.0,0.0,88.427734375,0.0,,,0.3592652634783965,0.0,7.968273,"(143.8766143321991, 0.0)",2048,-400
qm9_with_h_conditional.ckpt,100,polydec,250.0,0.2,89.697265625,0.0,,,0.333113224924792,0.0,11.125746,"(206.72831392288208, 0.0)",2048,-400
qm9_with_h_conditional.ckpt,100,polydec,250.0,0.4,89.2578125,0.0,,,0.3474603938992934,0.0,10.015117,"(158.59405994415283, 0.0)",2048,-400
qm9_with_h_conditional.ckpt,100,polydec,250.0,0.6000000000000001,88.134765625,0.0,,,0.3456235895588523,0.0,6.766749,"(206.66414737701416, 0.0)",2048,-400
qm9_with_h_conditional.ckpt,100,polydec,250.0,0.8,88.330078125,0.0,,,0.34702578501469455,0.0,4.4265075,"(187.11033391952515, 0.0)",2048,-400
qm9_with_h_conditional.ckpt,100,polydec,250.0,1.0,89.0625,0.0,,,0.3431172574760329,0.0,3.9834392,"(206.59704637527466, 0.0)",2048,-400
qm9_with_h_conditional.ckpt,150,polydec,0.0,0.0,89.84375,0.0,,,0.41252759945574113,0.0,6.617058,"(139.95048666000366, 0.0)",2048,-400
qm9_with_h_conditional.ckpt,150,polydec,0.0,0.2,91.162109375,0.0,,,0.4008098389819648,0.0,10.9050865,"(140.0527012348175, 0.0)",2048,-400
qm9_with_h_conditional.ckpt,150,polydec,0.0,0.4,90.283203125,0.0,,,0.39614982705161134,0.0,14.4462805,"(140.0831904411316, 0.0)",2048,-400
qm9_with_h_conditional.ckpt,150,polydec,0.0,0.6000000000000001,89.697265625,0.0,,,0.40152573250395357,0.0,4.275543,"(140.02040076255798, 0.0)",2048,-400
qm9_with_h_conditional.ckpt,150,polydec,0.0,0.8,90.478515625,0.0,,,0.39638992776499204,0.0,8.026913,"(139.99072194099426, 0.0)",2048,-400
qm9_with_h_conditional.ckpt,150,polydec,0.0,1.0,89.94140625,0.0,,,0.3907193555419507,0.0,6.5246015,"(140.07916045188904, 0.0)",2048,-400
qm9_with_h_conditional.ckpt,150,polydec,25.0,0.0,89.892578125,0.0,,,0.4007767377493413,0.0,7.3625097,"(140.00179386138916, 0.0)",2048,-400
qm9_with_h_conditional.ckpt,150,polydec,25.0,0.2,91.30859375,0.0,,,0.3932161402665709,0.0,4.571701,"(140.17097902297974, 0.0)",2048,-400
qm9_with_h_conditional.ckpt,150,polydec,25.0,0.4,88.671875,0.0,,,0.3996503540099024,0.0,9.871882,"(139.96123099327087, 0.0)",2048,-400
qm9_with_h_conditional.ckpt,150,polydec,25.0,0.6000000000000001,88.96484375,0.0,,,0.40101840461945215,0.0,15.674764,"(139.92798948287964, 0.0)",2048,-400
qm9_with_h_conditional.ckpt,150,polydec,25.0,0.8,90.478515625,0.0,,,0.388813480434035,0.0,14.214516,"(140.0473952293396, 0.0)",2048,-400
qm9_with_h_conditional.ckpt,150,polydec,25.0,1.0,89.208984375,0.0,,,0.3892807613993342,0.0,9.815874,"(140.32446312904358, 0.0)",2048,-400
qm9_with_h_conditional.ckpt,150,polydec,50.0,0.0,90.625,0.0,,,0.3756632551595136,0.0,13.539574,"(140.05222725868225, 0.0)",2048,-400
qm9_with_h_conditional.ckpt,150,polydec,50.0,0.2,90.4296875,0.0,,,0.3619042018776043,0.0,7.087288,"(227.63754391670227, 0.0)",2048,-400
qm9_with_h_conditional.ckpt,150,polydec,50.0,0.4,91.2109375,0.0,,,0.3768137083352964,0.0,8.974457,"(227.6307601928711, 0.0)",2048,-400
qm9_with_h_conditional.ckpt,150,polydec,50.0,0.6000000000000001,89.892578125,0.0,,,0.35081066612855494,0.0,12.549855,"(210.57806658744812, 0.0)",2048,-400
qm9_with_h_conditional.ckpt,150,polydec,50.0,0.8,90.91796875,0.0,,,0.35187792537366525,0.0,9.438595,"(228.8844554424286, 0.0)",2048,-400
qm9_with_h_conditional.ckpt,150,polydec,50.0,1.0,90.625,0.0,,,0.35678050754469687,0.0,10.023315,"(228.13206100463867, 0.0)",2048,-400
qm9_with_h_conditional.ckpt,150,polydec,100.0,0.0,90.771484375,0.0,,,0.3467450786994519,0.0,6.0200806,"(224.16836738586426, 0.0)",2048,-400
qm9_with_h_conditional.ckpt,150,polydec,100.0,0.2,90.283203125,0.0,,,0.3597013601548751,0.0,8.607008,"(140.01629519462585, 0.0)",2048,-400
qm9_with_h_conditional.ckpt,150,polydec,100.0,0.4,89.599609375,0.0,,,0.35326174128980775,0.0,7.5934258,"(140.15008354187012, 0.0)",2048,-400
qm9_with_h_conditional.ckpt,150,polydec,100.0,0.6000000000000001,89.208984375,0.0,,,0.35038886946678083,0.0,11.008652,"(140.1790692806244, 0.0)",2048,-400
qm9_with_h_conditional.ckpt,150,polydec,100.0,0.8,88.623046875,0.0,,,0.34834806780247696,0.0,12.989572,"(140.02766156196594, 0.0)",2048,-400
qm9_with_h_conditional.ckpt,150,polydec,100.0,1.0,89.404296875,0.0,,,0.34869576152408055,0.0,13.39951,"(140.02328491210938, 0.0)",2048,-400
qm9_with_h_conditional.ckpt,150,polydec,150.0,0.0,90.283203125,0.0,,,0.3260955211847816,0.0,5.370838,"(139.97686862945557, 0.0)",2048,-400
qm9_with_h_conditional.ckpt,150,polydec,150.0,0.2,90.185546875,0.0,,,0.332148602295292,0.0,9.9865265,"(140.08441042900085, 0.0)",2048,-400
qm9_with_h_conditional.ckpt,150,polydec,150.0,0.4,89.2578125,0.0,,,0.35054152295588187,0.0,5.173741,"(140.10030007362366, 0.0)",2048,-400
qm9_with_h_conditional.ckpt,150,polydec,150.0,0.6000000000000001,91.650390625,0.0,,,0.3174490238023446,0.0,16.008713,"(140.04802298545837, 0.0)",2048,-400
qm9_with_h_conditional.ckpt,150,polydec,150.0,0.8,90.869140625,0.0,,,0.32622551542144396,0.0,14.713884,"(143.16441893577576, 0.0)",2048,-400
qm9_with_h_conditional.ckpt,150,polydec,150.0,1.0,90.8203125,0.0,,,0.3226186581316507,0.0,11.826146,"(157.90172266960144, 0.0)",2048,-400
qm9_with_h_conditional.ckpt,150,polydec,200.0,0.0,91.650390625,0.0,,,0.33509893258236245,0.0,14.567516,"(140.2321982383728, 0.0)",2048,-400
qm9_with_h_conditional.ckpt,150,polydec,200.0,0.2,90.52734375,0.0,,,0.3176516711904215,0.0,15.8824415,"(140.1687581539154, 0.0)",2048,-400
qm9_with_h_conditional.ckpt,150,polydec,200.0,0.4,89.55078125,0.0,,,0.3247174267975934,0.0,13.778517,"(144.31802606582642, 0.0)",2048,-400
qm9_with_h_conditional.ckpt,150,polydec,200.0,0.6000000000000001,90.234375,0.0,,,0.3230916269516967,0.0,9.243857,"(139.98634672164917, 0.0)",2048,-400
qm9_with_h_conditional.ckpt,150,polydec,200.0,0.8,90.478515625,0.0,,,0.33525357469832384,0.0,7.5832467,"(159.0389449596405, 0.0)",2048,-400
qm9_with_h_conditional.ckpt,150,polydec,200.0,1.0,90.283203125,0.0,,,0.32941790531766807,0.0,10.349116,"(141.84206771850586, 0.0)",2048,-400
qm9_with_h_conditional.ckpt,150,polydec,250.0,0.0,90.185546875,0.0,,,0.3170004267759976,0.0,4.9671936,"(143.89553904533386, 0.0)",2048,-400
qm9_with_h_conditional.ckpt,150,polydec,250.0,0.2,90.087890625,0.0,,,0.33173934975198816,0.0,5.553449,"(140.2933690547943, 0.0)",2048,-400
qm9_with_h_conditional.ckpt,150,polydec,250.0,0.4,91.015625,0.0,,,0.32582643483298235,0.0,10.36853,"(140.07627391815186, 0.0)",2048,-400
qm9_with_h_conditional.ckpt,150,polydec,250.0,0.6000000000000001,89.6484375,0.0,,,0.34422250892010775,0.0,12.153648,"(140.1446042060852, 0.0)",2048,-400
qm9_with_h_conditional.ckpt,150,polydec,250.0,0.8,90.0390625,0.0,,,0.33614182990778807,0.0,6.0253253,"(140.04541850090027, 0.0)",2048,-400
qm9_with_h_conditional.ckpt,150,polydec,250.0,1.0,90.380859375,0.0,,,0.3377168387511403,0.0,10.141983,"(176.7916829586029, 0.0)",2048,-400
qm9_with_h_conditional.ckpt,200,polydec,0.0,0.0,90.91796875,0.0,,,0.4087809597245634,0.0,12.274647,"(186.46020030975342, 0.0)",2048,-400
qm9_with_h_conditional.ckpt,200,polydec,0.0,0.2,90.966796875,0.0,,,0.4012371316289186,0.0,10.698311,"(186.49125409126282, 0.0)",2048,-400
qm9_with_h_conditional.ckpt,200,polydec,0.0,0.4,91.455078125,0.0,,,0.39850804857467215,0.0,8.056358,"(186.5882053375244, 0.0)",2048,-400
qm9_with_h_conditional.ckpt,200,polydec,0.0,0.6000000000000001,90.72265625,0.0,,,0.3920060273889534,0.0,7.7502527,"(186.60766315460205, 0.0)",2048,-400
qm9_with_h_conditional.ckpt,200,polydec,0.0,0.8,89.599609375,0.0,,,0.3911976206834785,0.0,5.397361,"(186.63661122322083, 0.0)",2048,-400
qm9_with_h_conditional.ckpt,200,polydec,0.0,1.0,90.4296875,0.0,,,0.3871151226856016,0.0,12.96285,"(186.58812808990479, 0.0)",2048,-400
qm9_with_h_conditional.ckpt,200,polydec,25.0,0.0,90.087890625,0.0,,,0.3973233381189404,0.0,16.523565,"(196.5781135559082, 0.0)",2048,-400
qm9_with_h_conditional.ckpt,200,polydec,25.0,0.2,90.625,0.0,,,0.38785346190865133,0.0,14.436602,"(205.42241787910461, 0.0)",2048,-400
qm9_with_h_conditional.ckpt,200,polydec,25.0,0.4,90.966796875,0.0,,,0.3996873075588415,0.0,14.16996,"(186.99912238121033, 0.0)",2048,-400
qm9_with_h_conditional.ckpt,200,polydec,25.0,0.6000000000000001,90.087890625,0.0,,,0.3938128752859822,0.0,7.141922,"(189.8189628124237, 0.0)",2048,-400
qm9_with_h_conditional.ckpt,200,polydec,25.0,0.8,88.623046875,0.0,,,0.38169996724171673,0.0,12.84827,"(217.71271777153015, 0.0)",2048,-400
qm9_with_h_conditional.ckpt,200,polydec,25.0,1.0,89.013671875,0.0,,,0.38046391692343606,0.0,3.586253,"(186.14645838737488, 0.0)",2048,-400
qm9_with_h_conditional.ckpt,200,polydec,50.0,0.0,90.91796875,0.0,,,0.36959305336477444,0.0,11.182556,"(186.65078806877136, 0.0)",2048,-400
qm9_with_h_conditional.ckpt,200,polydec,50.0,0.2,90.13671875,0.0,,,0.36536248991435244,0.0,5.562474,"(186.64332914352417, 0.0)",2048,-400
qm9_with_h_conditional.ckpt,200,polydec,50.0,0.4,90.185546875,0.0,,,0.35251420069176714,0.0,7.3652563,"(186.65093398094177, 0.0)",2048,-400
qm9_with_h_conditional.ckpt,200,polydec,50.0,0.6000000000000001,89.6484375,0.0,,,0.33856635055383644,0.0,15.774994,"(186.69975090026855, 0.0)",2048,-400
qm9_with_h_conditional.ckpt,200,polydec,50.0,0.8,91.064453125,0.0,,,0.3580054182558181,0.0,5.863697,"(186.68347811698914, 0.0)",2048,-400
qm9_with_h_conditional.ckpt,200,polydec,50.0,1.0,90.771484375,0.0,,,0.36069925958495924,0.0,6.310379,"(186.69338178634644, 0.0)",2048,-400
qm9_with_h_conditional.ckpt,200,polydec,100.0,0.0,89.6484375,0.0,,,0.3503418921974709,0.0,11.906886,"(186.6315884590149, 0.0)",2048,-400
qm9_with_h_conditional.ckpt,200,polydec,100.0,0.2,90.33203125,0.0,,,0.3226912550499225,0.0,6.093273,"(186.63130712509155, 0.0)",2048,-400
qm9_with_h_conditional.ckpt,200,polydec,100.0,0.4,89.55078125,0.0,,,0.3209952271953008,0.0,5.8574066,"(186.64658641815186, 0.0)",2048,-400
qm9_with_h_conditional.ckpt,200,polydec,100.0,0.6000000000000001,90.576171875,0.0,,,0.33623815691645353,0.0,9.48938,"(186.565265417099, 0.0)",2048,-400
qm9_with_h_conditional.ckpt,200,polydec,100.0,0.8,89.892578125,0.0,,,0.3313799973735885,0.0,10.737224,"(186.52394819259644, 0.0)",2048,-400
qm9_with_h_conditional.ckpt,200,polydec,100.0,1.0,89.501953125,0.0,,,0.32875196353402747,0.0,4.7070465,"(186.53991436958313, 0.0)",2048,-400
qm9_with_h_conditional.ckpt,200,polydec,150.0,0.0,89.501953125,0.0,,,0.32073721059283,0.0,4.8646035,"(186.5624966621399, 0.0)",2048,-400
qm9_with_h_conditional.ckpt,200,polydec,150.0,0.2,91.845703125,0.0,,,0.3178583830037372,0.0,14.41097,"(186.65858268737793, 0.0)",2048,-400
qm9_with_h_conditional.ckpt,200,polydec,150.0,0.4,91.89453125,0.0,,,0.3205780529882757,0.0,4.4555154,"(186.66894936561584, 0.0)",2048,-400
qm9_with_h_conditional.ckpt,200,polydec,150.0,0.6000000000000001,88.427734375,0.0,,,0.32414264479587584,0.0,8.227268,"(186.63464760780334, 0.0)",2048,-400
qm9_with_h_conditional.ckpt,200,polydec,150.0,0.8,90.625,0.0,,,0.32125147031712686,0.0,1.4941597,"(186.6671679019928, 0.0)",2048,-400
qm9_with_h_conditional.ckpt,200,polydec,150.0,1.0,91.650390625,0.0,,,0.3186599235491828,0.0,9.088814,"(186.64686965942383, 0.0)",2048,-400
qm9_with_h_conditional.ckpt,200,polydec,200.0,0.0,91.650390625,0.0,,,0.3294290810489222,0.0,7.043073,"(186.67535853385925, 0.0)",2048,-400
qm9_with_h_conditional.ckpt,200,polydec,200.0,0.2,89.990234375,0.0,,,0.31147207910253893,0.0,6.2214313,"(186.64418506622314, 0.0)",2048,-400
qm9_with_h_conditional.ckpt,200,polydec,200.0,0.4,90.966796875,0.0,,,0.31676578778867837,0.0,11.110801,"(186.67074418067932, 0.0)",2048,-400
qm9_with_h_conditional.ckpt,200,polydec,200.0,0.6000000000000001,89.990234375,0.0,,,0.3129952794451676,0.0,2.7090106,"(186.46813035011292, 0.0)",2048,-400
qm9_with_h_conditional.ckpt,200,polydec,200.0,0.8,90.52734375,0.0,,,0.3161846162957333,0.0,3.7401009,"(186.58797025680542, 0.0)",2048,-400
qm9_with_h_conditional.ckpt,200,polydec,200.0,1.0,91.30859375,0.0,,,0.30742239887973294,0.0,3.8659108,"(186.61018681526184, 0.0)",2048,-400
qm9_with_h_conditional.ckpt,200,polydec,250.0,0.0,90.8203125,0.0,,,0.3062745701981083,0.0,14.062404,"(186.58460354804993, 0.0)",2048,-400
qm9_with_h_conditional.ckpt,200,polydec,250.0,0.2,90.869140625,0.0,,,0.3006264612799572,0.0,12.7473755,"(186.51904153823853, 0.0)",2048,-400
qm9_with_h_conditional.ckpt,200,polydec,250.0,0.4,90.869140625,0.0,,,0.3000747246450113,0.0,7.9814277,"(186.57941603660583, 0.0)",2048,-400
qm9_with_h_conditional.ckpt,200,polydec,250.0,0.6000000000000001,91.650390625,0.0,,,0.3098267050624486,0.0,6.9968033,"(186.6493055820465, 0.0)",2048,-400
qm9_with_h_conditional.ckpt,200,polydec,250.0,0.8,90.52734375,0.0,,,0.3316727154234734,0.0,3.0660095,"(186.60877871513367, 0.0)",2048,-400
qm9_with_h_conditional.ckpt,200,polydec,250.0,1.0,90.33203125,0.0,,,0.3167662702288368,0.0,7.03966,"(186.55323600769043, 0.0)",2048,-400
qm9_with_h_conditional.ckpt,250,polydec,0.0,0.0,90.966796875,0.0,,,0.4104098173950106,0.0,12.10849,"(233.16456604003906, 0.0)",2048,-400
qm9_with_h_conditional.ckpt,250,polydec,0.0,0.2,91.650390625,0.0,,,0.40315642832574144,0.0,10.262477,"(233.30760955810547, 0.0)",2048,-400
qm9_with_h_conditional.ckpt,250,polydec,0.0,0.4,91.259765625,0.0,,,0.39875199591503774,0.0,6.667393,"(233.26334881782532, 0.0)",2048,-400
qm9_with_h_conditional.ckpt,250,polydec,0.0,0.6000000000000001,90.087890625,0.0,,,0.385542154940263,0.0,7.655131,"(233.33658981323242, 0.0)",2048,-400
qm9_with_h_conditional.ckpt,250,polydec,0.0,0.8,91.064453125,0.0,,,0.3924792747964003,0.0,15.931416,"(233.21946930885315, 0.0)",2048,-400
qm9_with_h_conditional.ckpt,250,polydec,0.0,1.0,90.283203125,0.0,,,0.3890196843718666,0.0,7.7231793,"(233.22667288780212, 0.0)",2048,-400
qm9_with_h_conditional.ckpt,250,polydec,25.0,0.0,90.33203125,0.0,,,0.40282447330652105,0.0,8.24993,"(233.29878282546997, 0.0)",2048,-400
qm9_with_h_conditional.ckpt,250,polydec,25.0,0.2,90.234375,0.0,,,0.3865598261131755,0.0,11.633021,"(233.4398581981659, 0.0)",2048,-400
qm9_with_h_conditional.ckpt,250,polydec,25.0,0.4,90.52734375,0.0,,,0.38134377846685097,0.0,12.601654,"(233.36324667930603, 0.0)",2048,-400
qm9_with_h_conditional.ckpt,250,polydec,25.0,0.6000000000000001,90.869140625,0.0,,,0.3793256225838675,0.0,7.618661,"(233.2870032787323, 0.0)",2048,-400
qm9_with_h_conditional.ckpt,250,polydec,25.0,0.8,89.35546875,0.0,,,0.3765300247040029,0.0,16.185495,"(233.2612009048462, 0.0)",2048,-400
qm9_with_h_conditional.ckpt,250,polydec,25.0,1.0,89.16015625,0.0,,,0.37145575258242197,0.0,27.738468,"(233.2723650932312, 0.0)",2048,-400
qm9_with_h_conditional.ckpt,250,polydec,50.0,0.0,90.576171875,0.0,,,0.3664503431015508,0.0,3.2628746,"(233.3561246395111, 0.0)",2048,-400
qm9_with_h_conditional.ckpt,250,polydec,50.0,0.2,90.869140625,0.0,,,0.36231409376593315,0.0,12.7017975,"(233.33253812789917, 0.0)",2048,-400
qm9_with_h_conditional.ckpt,250,polydec,50.0,0.4,90.380859375,0.0,,,0.3766336281691124,0.0,7.033343,"(233.1432921886444, 0.0)",2048,-400
qm9_with_h_conditional.ckpt,250,polydec,50.0,0.6000000000000001,89.599609375,0.0,,,0.35718856734566834,0.0,11.957131,"(233.26914763450623, 0.0)",2048,-400
qm9_with_h_conditional.ckpt,250,polydec,50.0,0.8,90.13671875,0.0,,,0.355210110936994,0.0,4.806571,"(233.1577889919281, 0.0)",2048,-400
qm9_with_h_conditional.ckpt,250,polydec,50.0,1.0,88.818359375,0.0,,,0.3624973306389081,0.0,16.555897,"(233.19242000579834, 0.0)",2048,-400
qm9_with_h_conditional.ckpt,250,polydec,100.0,0.0,90.380859375,0.0,,,0.3533948529627823,0.0,11.994764,"(233.32073616981506, 0.0)",2048,-400
qm9_with_h_conditional.ckpt,250,polydec,100.0,0.2,91.11328125,0.0,,,0.3436105039251983,0.0,9.3678665,"(233.29047274589539, 0.0)",2048,-400
qm9_with_h_conditional.ckpt,250,polydec,100.0,0.4,90.380859375,0.0,,,0.3184647688500439,0.0,7.7921405,"(233.25247287750244, 0.0)",2048,-400
qm9_with_h_conditional.ckpt,250,polydec,100.0,0.6000000000000001,89.55078125,0.0,,,0.3246237641910187,0.0,7.8220787,"(233.33196425437927, 0.0)",2048,-400
qm9_with_h_conditional.ckpt,250,polydec,100.0,0.8,90.380859375,0.0,,,0.32305673693742387,0.0,12.060303,"(233.19845461845398, 0.0)",2048,-400
qm9_with_h_conditional.ckpt,250,polydec,100.0,1.0,90.33203125,0.0,,,0.3074314504762483,0.0,13.0935135,"(233.29131627082825, 0.0)",2048,-400
qm9_with_h_conditional.ckpt,250,polydec,150.0,0.0,89.94140625,0.0,,,0.31785639477355554,0.0,4.3465357,"(233.30302596092224, 0.0)",2048,-400
qm9_with_h_conditional.ckpt,250,polydec,150.0,0.2,90.91796875,0.0,,,0.3016492913600398,0.0,4.892298,"(233.2453351020813, 0.0)",2048,-400
qm9_with_h_conditional.ckpt,250,polydec,150.0,0.4,91.89453125,0.0,,,0.3022097930291284,0.0,12.281423,"(233.28181719779968, 0.0)",2048,-400
qm9_with_h_conditional.ckpt,250,polydec,150.0,0.6000000000000001,90.576171875,0.0,,,0.3180102613454116,0.0,11.677115,"(233.28109073638916, 0.0)",2048,-400
qm9_with_h_conditional.ckpt,250,polydec,150.0,0.8,91.11328125,0.0,,,0.3177274399568164,0.0,3.038031,"(233.25017142295837, 0.0)",2048,-400
qm9_with_h_conditional.ckpt,250,polydec,150.0,1.0,90.52734375,0.0,,,0.31936530140888303,0.0,5.42306,"(233.23738551139832, 0.0)",2048,-400
qm9_with_h_conditional.ckpt,250,polydec,200.0,0.0,90.8203125,0.0,,,0.31107998912753515,0.0,2.8329468,"(233.35253524780273, 0.0)",2048,-400
qm9_with_h_conditional.ckpt,250,polydec,200.0,0.2,90.087890625,0.0,,,0.30584424877126587,0.0,9.490265,"(233.30565524101257, 0.0)",2048,-400
qm9_with_h_conditional.ckpt,250,polydec,200.0,0.4,91.552734375,0.0,,,0.2991327904271842,0.0,12.63678,"(233.28565764427185, 0.0)",2048,-400
qm9_with_h_conditional.ckpt,250,polydec,200.0,0.6000000000000001,91.650390625,0.0,,,0.3123614887162242,0.0,6.12221,"(233.3611707687378, 0.0)",2048,-400
qm9_with_h_conditional.ckpt,250,polydec,200.0,0.8,91.30859375,0.0,,,0.29641743733805537,0.0,12.245919,"(233.32614135742188, 0.0)",2048,-400
qm9_with_h_conditional.ckpt,250,polydec,200.0,1.0,90.576171875,0.0,,,0.30390217734736347,0.0,7.966105,"(233.25756239891052, 0.0)",2048,-400
qm9_with_h_conditional.ckpt,250,polydec,250.0,0.0,91.455078125,0.0,,,0.29239472292676005,0.0,6.961941,"(233.15352392196655, 0.0)",2048,-400
qm9_with_h_conditional.ckpt,250,polydec,250.0,0.2,91.30859375,0.0,,,0.29935030740501245,0.0,5.3956246,"(233.27717900276184, 0.0)",2048,-400
qm9_with_h_conditional.ckpt,250,polydec,250.0,0.4,91.455078125,0.0,,,0.3095509557836193,0.0,2.2211304,"(233.18837094306946, 0.0)",2048,-400
qm9_with_h_conditional.ckpt,250,polydec,250.0,0.6000000000000001,89.55078125,0.0,,,0.30664706342062775,0.0,14.526028,"(233.31265139579773, 0.0)",2048,-400
qm9_with_h_conditional.ckpt,250,polydec,250.0,0.8,90.625,0.0,,,0.3099312783218378,0.0,5.639496,"(233.10853958129883, 0.0)",2048,-400
qm9_with_h_conditional.ckpt,250,polydec,250.0,1.0,91.50390625,0.0,,,0.31284487478511,0.0,6.1953087,"(233.20274543762207, 0.0)",2048,-400
qm9_with_h_conditional.ckpt,300,polydec,0.0,0.0,91.11328125,0.0,,,0.41663156549647706,0.0,10.638691,"(279.93878722190857, 0.0)",2048,-400
qm9_with_h_conditional.ckpt,300,polydec,0.0,0.2,92.431640625,0.0,,,0.40130603878920135,0.0,12.459891,"(279.95473313331604, 0.0)",2048,-400
qm9_with_h_conditional.ckpt,300,polydec,0.0,0.4,90.771484375,0.0,,,0.3999948521468697,0.0,3.0323029,"(279.7524309158325, 0.0)",2048,-400
qm9_with_h_conditional.ckpt,300,polydec,0.0,0.6000000000000001,91.259765625,0.0,,,0.39867929279656006,0.0,6.3790283,"(279.9290566444397, 0.0)",2048,-400
qm9_with_h_conditional.ckpt,300,polydec,0.0,0.8,90.72265625,0.0,,,0.38659520632882444,0.0,3.017633,"(279.8643865585327, 0.0)",2048,-400
qm9_with_h_conditional.ckpt,300,polydec,0.0,1.0,91.552734375,0.0,,,0.38755368020497927,0.0,12.583898,"(279.81762886047363, 0.0)",2048,-400
qm9_with_h_conditional.ckpt,300,polydec,25.0,0.0,90.966796875,0.0,,,0.39697841372783216,0.0,8.102916,"(279.88996481895447, 0.0)",2048,-400
qm9_with_h_conditional.ckpt,300,polydec,25.0,0.2,90.771484375,0.0,,,0.3848400878556504,0.0,5.377158,"(279.8839168548584, 0.0)",2048,-400
qm9_with_h_conditional.ckpt,300,polydec,25.0,0.4,89.892578125,0.0,,,0.3768261752773891,0.0,8.778416,"(279.9577980041504, 0.0)",2048,-400
qm9_with_h_conditional.ckpt,300,polydec,25.0,0.6000000000000001,89.94140625,0.0,,,0.3669735808330312,0.0,16.250574,"(279.9285337924957, 0.0)",2048,-400
qm9_with_h_conditional.ckpt,300,polydec,25.0,0.8,90.8203125,0.0,,,0.3841076628503542,0.0,18.73446,"(279.9303388595581, 0.0)",2048,-400
qm9_with_h_conditional.ckpt,300,polydec,25.0,1.0,89.55078125,0.0,,,0.38326937471969635,0.0,10.9490185,"(303.6558446884155, 0.0)",2048,-400
qm9_with_h_conditional.ckpt,300,polydec,50.0,0.0,90.771484375,0.0,,,0.3749461030042651,0.0,8.669895,"(279.9415488243103, 0.0)",2048,-400
qm9_with_h_conditional.ckpt,300,polydec,50.0,0.2,91.748046875,0.0,,,0.3693586359986961,0.0,15.625702,"(308.27863907814026, 0.0)",2048,-400
qm9_with_h_conditional.ckpt,300,polydec,50.0,0.4,90.576171875,0.0,,,0.36437379042945384,0.0,10.221409,"(279.90129232406616, 0.0)",2048,-400
qm9_with_h_conditional.ckpt,300,polydec,50.0,0.6000000000000001,90.91796875,0.0,,,0.3475799965055018,0.0,6.3003807,"(279.92101311683655, 0.0)",2048,-400
qm9_with_h_conditional.ckpt,300,polydec,50.0,0.8,90.478515625,0.0,,,0.3453263784830492,0.0,6.2374268,"(304.1193301677704, 0.0)",2048,-400
qm9_with_h_conditional.ckpt,300,polydec,50.0,1.0,90.91796875,0.0,,,0.3470068950204187,0.0,4.6092453,"(280.0642991065979, 0.0)",2048,-400
qm9_with_h_conditional.ckpt,300,polydec,100.0,0.0,91.6015625,0.0,,,0.34575055112499564,0.0,7.8871574,"(280.0092179775238, 0.0)",2048,-400
qm9_with_h_conditional.ckpt,300,polydec,100.0,0.2,90.576171875,0.0,,,0.3330521126766036,0.0,2.1802876,"(280.42733693122864, 0.0)",2048,-400
qm9_with_h_conditional.ckpt,300,polydec,100.0,0.4,90.91796875,0.0,,,0.3248904763956458,0.0,4.6450005,"(367.51116371154785, 0.0)",2048,-400
qm9_with_h_conditional.ckpt,300,polydec,100.0,0.6000000000000001,90.478515625,0.0,,,0.32164321779341926,0.0,9.076969,"(297.611261844635, 0.0)",2048,-400
qm9_with_h_conditional.ckpt,300,polydec,100.0,0.8,91.015625,0.0,,,0.31827253718239146,0.0,5.933376,"(280.6935896873474, 0.0)",2048,-400
qm9_with_h_conditional.ckpt,300,polydec,100.0,1.0,90.283203125,0.0,,,0.3220558943671946,0.0,9.147383,"(291.8748896121979, 0.0)",2048,-400
qm9_with_h_conditional.ckpt,300,polydec,150.0,0.0,90.673828125,0.0,,,0.3164217695179926,0.0,11.712246,"(280.22615480422974, 0.0)",2048,-400
qm9_with_h_conditional.ckpt,300,polydec,150.0,0.2,90.087890625,0.0,,,0.2884092906783915,0.0,2.2513306,"(281.8519558906555, 0.0)",2048,-400
qm9_with_h_conditional.ckpt,300,polydec,150.0,0.4,90.576171875,0.0,,,0.3054254041642888,0.0,5.031045,"(281.6076991558075, 0.0)",2048,-400
qm9_with_h_conditional.ckpt,300,polydec,150.0,0.6000000000000001,91.259765625,0.0,,,0.3076302295941309,0.0,4.280265,"(279.98215317726135, 0.0)",2048,-400
qm9_with_h_conditional.ckpt,300,polydec,150.0,0.8,90.380859375,0.0,,,0.3083446546142208,0.0,4.561222,"(280.01392889022827, 0.0)",2048,-400
qm9_with_h_conditional.ckpt,300,polydec,150.0,1.0,91.69921875,0.0,,,0.30640023204514677,0.0,1.869222,"(280.13017654418945, 0.0)",2048,-400
qm9_with_h_conditional.ckpt,300,polydec,200.0,0.0,89.74609375,0.0,,,0.3039204491907216,0.0,14.966171,"(287.61041474342346, 0.0)",2048,-400
qm9_with_h_conditional.ckpt,300,polydec,200.0,0.2,90.673828125,0.0,,,0.3057660053533949,0.0,5.0951233,"(279.9579105377197, 0.0)",2048,-400
qm9_with_h_conditional.ckpt,300,polydec,200.0,0.4,89.6484375,0.0,,,0.30008596314588254,0.0,11.457672,"(279.7370948791504, 0.0)",2048,-400
qm9_with_h_conditional.ckpt,300,polydec,200.0,0.6000000000000001,89.990234375,0.0,,,0.3090493715121741,0.0,6.2799606,"(279.77600359916687, 0.0)",2048,-400
qm9_with_h_conditional.ckpt,300,polydec,200.0,0.8,91.552734375,0.0,,,0.29432575018627705,0.0,14.011819,"(279.76481771469116, 0.0)",2048,-400
qm9_with_h_conditional.ckpt,300,polydec,200.0,1.0,90.52734375,0.0,,,0.30663893887423954,0.0,2.7630067,"(279.7620904445648, 0.0)",2048,-400
qm9_with_h_conditional.ckpt,300,polydec,250.0,0.0,91.796875,0.0,,,0.294003068564747,0.0,5.622322,"(279.7979099750519, 0.0)",2048,-400
qm9_with_h_conditional.ckpt,300,polydec,250.0,0.2,91.11328125,0.0,,,0.3089129474711516,0.0,15.178546,"(279.75872802734375, 0.0)",2048,-400
qm9_with_h_conditional.ckpt,300,polydec,250.0,0.4,90.673828125,0.0,,,0.2879082867104255,0.0,4.7894373,"(279.80362153053284, 0.0)",2048,-400
qm9_with_h_conditional.ckpt,300,polydec,250.0,0.6000000000000001,90.625,0.0,,,0.2796146758430976,0.0,7.859558,"(279.76092290878296, 0.0)",2048,-400
qm9_with_h_conditional.ckpt,300,polydec,250.0,0.8,91.796875,0.0,,,0.28841283405659,0.0,5.0305657,"(279.7615067958832, 0.0)",2048,-400
qm9_with_h_conditional.ckpt,300,polydec,250.0,1.0,92.08984375,0.0,,,0.2919401201342191,0.0,17.604633,"(279.90998673439026, 0.0)",2048,-400
qm9_with_h_conditional.ckpt,350,polydec,0.0,0.0,90.625,0.0,,,0.41866850602020544,0.0,4.5628486,"(327.591091632843, 0.0)",2048,-400
qm9_with_h_conditional.ckpt,350,polydec,0.0,0.2,91.796875,0.0,,,0.4138832569633357,0.0,9.747673,"(327.0545048713684, 0.0)",2048,-400
qm9_with_h_conditional.ckpt,350,polydec,0.0,0.4,92.333984375,0.0,,,0.4009764847296052,0.0,7.382702,"(326.8447093963623, 0.0)",2048,-400
qm9_with_h_conditional.ckpt,350,polydec,0.0,0.6000000000000001,91.9921875,0.0,,,0.3976167867683068,0.0,3.6077626,"(326.79239296913147, 0.0)",2048,-400
qm9_with_h_conditional.ckpt,350,polydec,0.0,0.8,91.2109375,0.0,,,0.38716931408048433,0.0,13.930389,"(326.85015511512756, 0.0)",2048,-400
qm9_with_h_conditional.ckpt,350,polydec,0.0,1.0,90.52734375,0.0,,,0.39481261351506197,0.0,10.216301,"(326.8204002380371, 0.0)",2048,-400
qm9_with_h_conditional.ckpt,350,polydec,25.0,0.0,90.576171875,0.0,,,0.4024644395237073,0.0,12.99136,"(326.8410041332245, 0.0)",2048,-400
qm9_with_h_conditional.ckpt,350,polydec,25.0,0.2,89.94140625,0.0,,,0.3834755436619659,0.0,3.793043,"(334.92247223854065, 0.0)",2048,-400
qm9_with_h_conditional.ckpt,350,polydec,25.0,0.4,90.966796875,0.0,,,0.39034208257071135,0.0,6.8500595,"(339.31218099594116, 0.0)",2048,-400
qm9_with_h_conditional.ckpt,350,polydec,25.0,0.6000000000000001,90.283203125,0.0,,,0.3842393862460308,0.0,12.538569,"(326.51563715934753, 0.0)",2048,-400
qm9_with_h_conditional.ckpt,350,polydec,25.0,0.8,90.283203125,0.0,,,0.37849973418054383,0.0,6.6499023,"(327.3798391819, 0.0)",2048,-400
qm9_with_h_conditional.ckpt,350,polydec,25.0,1.0,90.72265625,0.0,,,0.3778176329276941,0.0,17.268135,"(326.8128843307495, 0.0)",2048,-400
