fold,steps,mae_exit,validity_exit,execution_time_sec,mae_early_exit,validity_early_exit
200,10,,,0.5789339542388916,,1.0
200,25,,,0.36942386627197266,,1.0
200,40,,,0.4828071594238281,,1.0
200,55,,,0.3207259178161621,,1.0
200,70,,,1.3826780319213867,,1.0
200,85,,,1.7409324645996094,,1.0
200,100,,,2.0365028381347656,,1.0
201,10,,,0.14023590087890625,,1.0
201,25,,,0.20673656463623047,,1.0
201,40,,,0.804828405380249,,1.0
201,55,,,0.94386887550354,,1.0
201,70,,,1.153367519378662,,1.0
201,85,,,1.239537000656128,,1.0
201,100,,,0.7757492065429688,,1.0
202,10,,,0.4101862907409668,,1.0
202,25,,,0.5529446601867676,,1.0
202,40,,,0.7132863998413086,,1.0
202,55,,,1.0415401458740234,,1.0
202,70,,,0.6389901638031006,,1.0
202,85,,,1.4906744956970215,,1.0
202,100,,,1.7350146770477295,,1.0
203,10,,,0.21023988723754883,,1.0
203,25,,,0.48113393783569336,,1.0
203,40,,,0.909106969833374,,1.0
203,55,,,0.4394557476043701,,1.0
203,70,,,1.2442586421966553,,1.0
203,85,,,1.4670143127441406,,1.0
203,100,,,1.7665183544158936,,1.0
204,10,,,0.7163081169128418,,1.0
204,25,,,0.43671298027038574,,1.0
204,40,,,1.104537010192871,,1.0
204,55,,,1.1905851364135742,,1.0
204,70,,,1.3526976108551025,,1.0
204,85,,,1.7387592792510986,,1.0
204,100,,,1.9678423404693604,,1.0
205,10,,,0.5061900615692139,,1.0
205,25,,,0.6491489410400391,,1.0
205,40,,,0.7618141174316406,,1.0
205,55,,,1.0857510566711426,,1.0
205,70,,,2.974893808364868,,1.0
205,85,,,0.9532995223999023,,1.0
205,100,,,1.512902021408081,,1.0
206,10,,,0.20670294761657715,,1.0
206,25,,,0.27553439140319824,,1.0
206,40,,,0.3667616844177246,,1.0
206,55,,,0.7779603004455566,,1.0
206,70,,,1.2821884155273438,,1.0
206,85,,,1.504387378692627,,1.0
206,100,,,1.7590482234954834,,1.0
207,10,,,0.11793684959411621,,1.0
207,25,,,0.3923037052154541,,1.0
207,40,,,0.8252458572387695,,1.0
207,55,,,0.8246304988861084,,1.0
207,70,,,1.2944045066833496,,1.0
207,85,,,1.188129186630249,,1.0
207,100,,,1.9229846000671387,,1.0
208,10,,,0.25530314445495605,,1.0
208,25,,,0.09370088577270508,,1.0
208,40,,,0.5284421443939209,,1.0
208,55,,,0.7678220272064209,,1.0
208,70,,,1.2611925601959229,,1.0
208,85,,,1.4140331745147705,,1.0
208,100,,,1.9006702899932861,,1.0
209,10,,,0.2300856113433838,,1.0
209,25,,,0.4799375534057617,,1.0
209,40,,,0.7319552898406982,,1.0
209,55,,,0.5976243019104004,,1.0
209,70,,,0.9076700210571289,,1.0
209,85,,,1.3490450382232666,,1.0
209,100,,,1.9001381397247314,,1.0
210,10,,,0.2062842845916748,,1.0
210,25,,,0.3211534023284912,,1.0
210,40,,,0.16078662872314453,,1.0
210,55,,,0.524895191192627,,1.0
210,70,,,1.3637752532958984,,1.0
210,85,,,1.4455783367156982,,1.0
210,100,,,1.9115281105041504,,1.0
211,10,,,0.346693754196167,,1.0
211,25,,,0.3663785457611084,,1.0
211,40,,,0.7559323310852051,,1.0
211,55,,,1.178943395614624,,1.0
211,70,,,0.6587927341461182,,1.0
211,85,,,1.2907862663269043,,1.0
211,100,,,1.732640266418457,,1.0
212,10,,,0.18563461303710938,,1.0
212,25,,,0.3220546245574951,,1.0
212,40,,,0.9882180690765381,,1.0
212,55,,,0.25496339797973633,,1.0
212,70,,,1.0747263431549072,,1.0
212,85,,,1.664632797241211,,1.0
212,100,,,1.6907861232757568,,1.0
213,10,,,0.23314833641052246,,1.0
213,25,,,0.4586200714111328,,1.0
213,40,,,0.6874451637268066,,1.0
213,55,,,0.43107008934020996,,1.0
213,70,,,1.0292751789093018,,1.0
213,85,,,1.621596336364746,,1.0
213,100,,,1.5755305290222168,,1.0
214,10,,,0.16327667236328125,,1.0
214,25,,,0.18301939964294434,,1.0
214,40,,,0.5482544898986816,,1.0
214,55,,,0.808847188949585,,1.0
214,70,,,1.5701215267181396,,1.0
214,85,,,0.6540367603302002,,1.0
214,100,,,1.6512365341186523,,1.0
215,10,,,0.3017723560333252,,1.0
215,25,,,0.6182718276977539,,1.0
215,40,,,1.3262956142425537,,1.0
215,55,,,0.2926335334777832,,1.0
215,70,,,0.8794610500335693,,1.0
215,85,,,1.2833826541900635,,1.0
215,100,,,1.5711381435394287,,1.0
216,10,,,0.299973726272583,,1.0
216,25,,,1.0755119323730469,,1.0
216,40,,,0.20670342445373535,,1.0
216,55,,,0.6631412506103516,,1.0
216,70,,,1.1329619884490967,,1.0
216,85,,,1.3239858150482178,,1.0
216,100,,,1.7310359477996826,,1.0
217,10,,,0.11780047416687012,,1.0
217,25,,,0.5712676048278809,,1.0
217,40,,,0.9374048709869385,,1.0
217,55,,,0.8468141555786133,,1.0
217,70,,,1.1163127422332764,,1.0
217,85,,,1.363595962524414,,1.0
217,100,,,1.7471191883087158,,1.0
218,10,,,0.16338586807250977,,1.0
218,25,,,0.3236424922943115,,1.0
218,40,,,0.6589713096618652,,1.0
218,55,,,0.5489809513092041,,1.0
218,70,,,1.0775535106658936,,1.0
218,85,,,1.2188494205474854,,1.0
218,100,,,1.6466965675354004,,1.0
219,10,,,0.1402420997619629,,1.0
219,25,,,0.4822261333465576,,1.0
219,40,,,0.9826736450195312,,1.0
219,55,,,0.7560374736785889,,1.0
219,70,,,1.4028723239898682,,1.0
219,85,,,1.4191296100616455,,1.0
219,100,,,1.87738037109375,,1.0
220,10,,,0.186248779296875,,1.0
220,25,,,0.43047595024108887,,1.0
220,40,,,0.9382095336914062,,1.0
220,55,,,0.8570630550384521,,1.0
220,70,,,0.7567167282104492,,1.0
220,85,,,1.2640748023986816,,1.0
220,100,,,1.645413875579834,,1.0
221,10,,,0.23082876205444336,,1.0
221,25,,,0.41190361976623535,,1.0
221,40,,,0.5272645950317383,,1.0
221,55,,,0.20604228973388672,,1.0
221,70,,,1.3310608863830566,,1.0
221,85,,,1.3250174522399902,,1.0
221,100,,,0.4942755699157715,,1.0
222,10,,,0.5304408073425293,,1.0
222,25,,,0.3450288772583008,,1.0
222,40,,,0.6425197124481201,,1.0
222,55,,,1.0524561405181885,,1.0
222,70,,,1.3020720481872559,,1.0
222,85,,,0.8925056457519531,,1.0
222,100,,,1.689558982849121,,1.0
223,10,,,0.29804134368896484,,1.0
223,25,,,0.4817042350769043,,1.0
223,40,,,0.4583287239074707,,1.0
223,55,,,0.8235630989074707,,1.0
223,70,,,0.9533629417419434,,1.0
223,85,,,1.4150748252868652,,1.0
223,100,,,1.8285365104675293,,1.0
224,10,,,0.210890531539917,,1.0
224,25,,,0.5497467517852783,,1.0
224,40,,,0.5112152099609375,,1.0
224,55,,,0.21089553833007812,,1.0
224,70,,,1.4126296043395996,,1.0
224,85,,,1.2983617782592773,,1.0
224,100,,,2.0251009464263916,,1.0
225,10,,,0.24370384216308594,,1.0
225,25,,,0.19637823104858398,,1.0
225,40,,,0.3055243492126465,,1.0
225,55,,,0.9444642066955566,,1.0
225,70,,,1.0846281051635742,,1.0
225,85,,,1.648709774017334,,1.0
225,100,,,2.236797571182251,,1.0
226,10,,,0.6392092704772949,,1.0
226,25,,,0.38852882385253906,,1.0
226,40,,,0.5739388465881348,,1.0
226,55,,,0.13868975639343262,,1.0
226,70,,,1.3636891841888428,,1.0
226,85,,,1.6398427486419678,,1.0
226,100,,,2.014789342880249,,1.0
227,10,,,0.25156736373901367,,1.0
227,25,,,0.3026409149169922,,1.0
227,40,,,0.578516960144043,,1.0
227,55,,,0.6901099681854248,,1.0
227,70,,,1.7054710388183594,,1.0
227,85,,,1.7711923122406006,,1.0
227,100,,,2.1641125679016113,,1.0
228,10,,,0.6669125556945801,,1.0
228,25,,,0.6593241691589355,,1.0
228,40,,,0.4394264221191406,,1.0
228,55,,,0.2716224193572998,,1.0
228,70,,,1.4816009998321533,,1.0
228,85,,,1.7241826057434082,,1.0
228,100,,,2.271815538406372,,1.0
229,10,,,0.3552439212799072,,1.0
229,25,,,0.3820817470550537,,1.0
229,40,,,0.7389016151428223,,1.0
229,55,,,0.3554692268371582,,1.0
229,70,,,1.5574305057525635,,1.0
229,85,,,1.7927842140197754,,1.0
229,100,,,1.7069976329803467,,1.0
230,10,,,0.5809106826782227,,1.0
230,25,,,0.10880351066589355,,1.0
230,40,,,0.7903420925140381,,1.0
230,55,,,0.577578067779541,,1.0
230,70,,,1.5338122844696045,,1.0
230,85,,,1.3530826568603516,,1.0
230,100,,,1.8347485065460205,,1.0
231,10,,,0.304459810256958,,1.0
231,25,,,0.5753719806671143,,1.0
231,40,,,0.42545533180236816,,1.0
231,55,,,0.6285374164581299,,1.0
231,70,,,1.6429088115692139,,1.0
231,85,,,1.8307642936706543,,1.0
231,100,,,1.5986173152923584,,1.0
232,10,,,0.7664101123809814,,1.0
232,25,,,0.3266775608062744,,1.0
232,40,,,0.3793041706085205,,1.0
232,55,,,0.13339710235595703,,1.0
232,70,,,1.4368133544921875,,1.0
232,85,,,1.5946824550628662,,1.0
232,100,,,1.9730870723724365,,1.0
233,10,,,0.3014991283416748,,1.0
233,25,,,0.18813228607177734,,1.0
233,40,,,1.0939877033233643,,1.0
233,55,,,0.35284852981567383,,1.0
233,70,,,1.4460527896881104,,1.0
233,85,,,0.8771233558654785,,1.0
233,100,,,1.9940791130065918,,1.0
234,10,,,0.3296239376068115,,1.0
234,25,,,0.5491440296173096,,1.0
234,40,,,0.6888637542724609,,1.0
234,55,,,1.343592882156372,,1.0
234,70,,,1.0399491786956787,,1.0
234,85,,,1.7575955390930176,,1.0
234,100,,,1.0053861141204834,,1.0
235,10,,,0.32291436195373535,,1.0
235,25,,,0.5451173782348633,,1.0
235,40,,,0.7095906734466553,,1.0
235,55,,,0.683081865310669,,1.0
235,70,,,1.6104340553283691,,1.0
235,85,,,1.5553069114685059,,1.0
235,100,,,2.260298252105713,,1.0
236,10,,,0.1913440227508545,,1.0
236,25,,,0.595792293548584,,1.0
236,40,,,0.1058351993560791,,1.0
236,55,,,0.5140562057495117,,1.0
236,70,,,1.2244277000427246,,1.0
236,85,,,1.7935833930969238,,1.0
236,100,,,2.1034886837005615,,1.0
237,10,,,0.30341553688049316,,1.0
237,25,,,0.5845351219177246,,1.0
237,40,,,0.466752290725708,,1.0
237,55,,,0.6037163734436035,,1.0
237,70,,,1.0577731132507324,,1.0
237,85,,,1.4879324436187744,,1.0
237,100,,,2.0011539459228516,,1.0
238,10,,,0.3038959503173828,,1.0
238,25,,,0.657578706741333,,1.0
238,40,,,0.8493177890777588,,1.0
238,55,,,0.4107487201690674,,1.0
238,70,,,0.8105971813201904,,1.0
238,85,,,1.7550327777862549,,1.0
238,100,,,2.088897466659546,,1.0
239,10,,,0.2995631694793701,,1.0
239,25,,,0.5713346004486084,,1.0
239,40,,,0.6824393272399902,,1.0
239,55,,,1.071385145187378,,1.0
239,70,,,1.6430189609527588,,1.0
239,85,,,1.9199244976043701,,1.0
239,100,,,1.6697089672088623,,1.0
240,10,,,0.16760826110839844,,1.0
240,25,,,0.6291730403900146,,1.0
240,40,,,1.2087244987487793,,1.0
240,55,,,0.7131547927856445,,1.0
240,70,,,1.4785044193267822,,1.0
240,85,,,1.5841212272644043,,1.0
240,100,,,2.267423629760742,,1.0
241,10,,,0.573681116104126,,1.0
241,25,,,0.653980016708374,,1.0
241,40,,,0.79473876953125,,1.0
241,55,,,0.7698061466217041,,1.0
241,70,,,1.4583919048309326,,1.0
241,85,,,1.558180570602417,,1.0
241,100,,,1.8391523361206055,,1.0
242,10,,,0.16538071632385254,,1.0
242,25,,,0.5739498138427734,,1.0
242,40,,,0.9499773979187012,,1.0
242,55,,,0.24560165405273438,,1.0
242,70,,,1.2475125789642334,,1.0
242,85,,,0.9361681938171387,,1.0
242,100,,,1.9781560897827148,,1.0
243,10,,,0.8554019927978516,,1.0
243,25,,,0.3817265033721924,,1.0
243,40,,,0.5992155075073242,,1.0
243,55,,,0.8383049964904785,,1.0
243,70,,,1.6577785015106201,,1.0
243,85,,,1.7431867122650146,,1.0
243,100,,,1.7799911499023438,,1.0
244,10,,,0.5779109001159668,,1.0
244,25,,,0.6299347877502441,,1.0
244,40,,,0.35222387313842773,,1.0
244,55,,,0.710547685623169,,1.0
244,70,,,1.2870814800262451,,1.0
244,85,,,1.810007095336914,,1.0
244,100,,,1.9430811405181885,,1.0
245,10,,,0.5214223861694336,,1.0
245,25,,,0.21784019470214844,,1.0
245,40,,,0.462738037109375,,1.0
245,55,,,0.4628114700317383,,1.0
245,70,,,1.509657621383667,,1.0
245,85,,,2.3062918186187744,,1.0
245,100,,,2.68403959274292,,1.0
246,10,,,0.16624212265014648,,1.0
246,25,,,0.21514272689819336,,1.0
246,40,,,0.48729372024536133,,1.0
246,55,,,1.3370530605316162,,1.0
246,70,,,1.475525140762329,,1.0
246,85,,,1.6893138885498047,,1.0
246,100,,,0.409717321395874,,1.0
247,10,,,0.5236485004425049,,1.0
247,25,,,0.4664943218231201,,1.0
247,40,,,0.7432353496551514,,1.0
247,55,,,0.7210092544555664,,1.0
247,70,,,1.2591753005981445,,1.0
247,85,,,1.6688504219055176,,1.0
247,100,,,1.7875723838806152,,1.0
248,10,,,0.3027534484863281,,1.0
248,25,,,0.5401730537414551,,1.0
248,40,,,0.9830834865570068,,1.0
248,55,,,1.3679335117340088,,1.0
248,70,,,1.5599639415740967,,1.0
248,85,,,1.7722437381744385,,1.0
248,100,,,1.9182229042053223,,1.0
249,10,,,0.2745800018310547,,1.0
249,25,,,0.2718377113342285,,1.0
249,40,,,0.7629542350769043,,1.0
249,55,,,1.5095365047454834,,1.0
249,70,,,1.1811354160308838,,1.0
249,85,,,1.2868311405181885,,1.0
249,100,,,2.0581777095794678,,1.0
250,10,,,0.16829204559326172,,1.0
250,25,,,0.10641694068908691,,1.0
250,40,,,0.790501594543457,,1.0
250,55,,,0.9850451946258545,,1.0
250,70,,,1.0392191410064697,,1.0
250,85,,,1.7718446254730225,,1.0
250,100,,,2.0529625415802,,1.0
251,10,,,0.40973758697509766,,1.0
251,25,,,0.7407128810882568,,1.0
251,40,,,0.7357649803161621,,1.0
251,55,,,0.8747847080230713,,1.0
251,70,,,1.6154277324676514,,1.0
251,85,,,1.477811574935913,,1.0
251,100,,,2.2332100868225098,,1.0
252,10,,,0.7710671424865723,,1.0
252,25,,,0.5470726490020752,,1.0
252,40,,,0.7953853607177734,,1.0
252,55,,,0.9391627311706543,,1.0
252,70,,,1.4656410217285156,,1.0
252,85,,,1.6563739776611328,,1.0
252,100,,,1.3855197429656982,,1.0
253,10,,,0.7730660438537598,,1.0
253,25,,,0.6752033233642578,,1.0
253,40,,,0.8142039775848389,,1.0
253,55,,,0.5133986473083496,,1.0
253,70,,,1.6648073196411133,,1.0
253,85,,,1.8863246440887451,,1.0
253,100,,,2.2079432010650635,,1.0
254,10,,,0.16454648971557617,,1.0
254,25,,,0.3028535842895508,,1.0
254,40,,,0.9325580596923828,,1.0
254,55,,,0.4891688823699951,,1.0
254,70,,,1.369985580444336,,1.0
254,85,,,2.0280115604400635,,1.0
254,100,,,2.4229445457458496,,1.0
255,10,,,0.27538228034973145,,1.0
255,25,,,0.24172568321228027,,1.0
255,40,,,0.6501893997192383,,1.0
255,55,,,1.222851276397705,,1.0
255,70,,,2.5220518112182617,,1.0
255,85,,,1.8991234302520752,,1.0
255,100,,,2.118169069290161,,1.0
256,10,,,0.19185781478881836,,1.0
256,25,,,0.4640519618988037,,1.0
256,40,,,0.382127046585083,,1.0
256,55,,,1.2597742080688477,,1.0
256,70,,,1.504467487335205,,1.0
256,85,,,2.0804941654205322,,1.0
256,100,,,2.1046805381774902,,1.0
257,10,,,0.5539534091949463,,1.0
257,25,,,0.2712397575378418,,1.0
257,40,,,1.0966293811798096,,1.0
257,55,,,0.8226108551025391,,1.0
257,70,,,1.095914363861084,,1.0
257,85,,,1.9702072143554688,,1.0
257,100,,,2.368480682373047,,1.0
258,10,,,0.30178141593933105,,1.0
258,25,,,0.4345078468322754,,1.0
258,40,,,0.9326739311218262,,1.0
258,55,,,0.9646339416503906,,1.0
258,70,,,0.7133476734161377,,1.0
258,85,,,1.7882461547851562,,1.0
258,100,,,3.7316033840179443,,1.0
259,10,,,0.8451182842254639,,1.0
259,25,,,0.5752060413360596,,1.0
259,40,,,1.2181978225708008,,1.0
259,55,,,1.1145381927490234,,1.0
259,70,,,1.5194358825683594,,1.0
259,85,,,1.4564235210418701,,1.0
259,100,,,1.5348825454711914,,1.0
260,10,,,0.6647963523864746,,1.0
260,25,,,0.29927778244018555,,1.0
260,40,,,0.2158522605895996,,1.0
260,55,,,0.7699761390686035,,1.0
260,70,,,1.3940062522888184,,1.0
260,85,,,1.763256311416626,,1.0
260,100,,,2.3005800247192383,,1.0
261,10,,,0.580998420715332,,1.0
261,25,,,0.19064760208129883,,1.0
261,40,,,0.6814947128295898,,1.0
261,55,,,0.5999875068664551,,1.0
261,70,,,1.5295021533966064,,1.0
261,85,,,1.5260701179504395,,1.0
261,100,,,1.9451329708099365,,1.0
262,10,,,0.30509138107299805,,1.0
262,25,,,0.5723958015441895,,1.0
262,40,,,0.7082288265228271,,1.0
262,55,,,0.3786132335662842,,1.0
262,70,,,1.322141408920288,,1.0
262,85,,,1.5527143478393555,,1.0
262,100,,,2.2384772300720215,,1.0
263,10,,,0.44542860984802246,,1.0
263,25,,,0.49283742904663086,,1.0
263,40,,,0.24483036994934082,,1.0
263,55,,,0.35469603538513184,,1.0
263,70,,,1.2692804336547852,,1.0
263,85,,,1.7872862815856934,,1.0
263,100,,,2.230597496032715,,1.0
264,10,,,0.16673827171325684,,1.0
264,25,,,0.40610337257385254,,1.0
264,40,,,0.792325496673584,,1.0
264,55,,,0.4403541088104248,,1.0
264,70,,,1.4241816997528076,,1.0
264,85,,,1.6253137588500977,,1.0
264,100,,,2.6028006076812744,,1.0
265,10,,,0.25176095962524414,,1.0
265,25,,,0.16260719299316406,,1.0
265,40,,,0.4324183464050293,,1.0
265,55,,,1.146601915359497,,1.0
265,70,,,1.0705571174621582,,1.0
265,85,,,0.435640811920166,,1.0
265,100,,,2.137207508087158,,1.0
266,10,,,0.24836468696594238,,1.0
266,25,,,0.4854264259338379,,1.0
266,40,,,0.8759310245513916,,1.0
266,55,,,0.6849994659423828,,1.0
266,70,,,1.4236974716186523,,1.0
266,85,,,1.0446324348449707,,1.0
266,100,,,2.2927048206329346,,1.0
267,10,,,0.5281383991241455,,1.0
267,25,,,0.17180395126342773,,1.0
267,40,,,0.902306318283081,,1.0
267,55,,,0.7636830806732178,,1.0
267,70,,,1.6938178539276123,,1.0
267,85,,,0.6832594871520996,,1.0
267,100,,,1.9210245609283447,,1.0
268,10,,,0.14099669456481934,,1.0
268,25,,,0.513636589050293,,1.0
268,40,,,0.4898684024810791,,1.0
268,55,,,0.8454070091247559,,1.0
268,70,,,1.1504979133605957,,1.0
268,85,,,1.5306484699249268,,1.0
268,100,,,2.3455944061279297,,1.0
269,10,,,0.3567514419555664,,1.0
269,25,,,0.3521289825439453,,1.0
269,40,,,0.48437023162841797,,1.0
269,55,,,1.3389818668365479,,1.0
269,70,,,0.5259270668029785,,1.0
269,85,,,1.557723045349121,,1.0
269,100,,,2.2349436283111572,,1.0
270,10,,,0.16556620597839355,,1.0
270,25,,,0.7067911624908447,,1.0
270,40,,,0.9801337718963623,,1.0
270,55,,,0.5981862545013428,,1.0
270,70,,,1.0069901943206787,,1.0
270,85,,,2.0378568172454834,,1.0
270,100,,,1.8722412586212158,,1.0
271,10,,,0.3044915199279785,,1.0
271,25,,,0.46753573417663574,,1.0
271,40,,,0.21852326393127441,,1.0
271,55,,,0.4374244213104248,,1.0
271,70,,,1.311284065246582,,1.0
271,85,,,1.7808897495269775,,1.0
271,100,,,2.247748851776123,,1.0
272,10,,,0.2779066562652588,,1.0
272,25,,,0.6042530536651611,,1.0
272,40,,,0.9874913692474365,,1.0
272,55,,,0.6025300025939941,,1.0
272,70,,,1.5740573406219482,,1.0
272,85,,,0.8705601692199707,,1.0
272,100,,,2.39198637008667,,1.0
273,10,,,0.16593623161315918,,1.0
273,25,,,0.38060617446899414,,1.0
273,40,,,0.8483524322509766,,1.0
273,55,,,0.32433223724365234,,1.0
273,70,,,3.6382758617401123,,1.0
273,85,,,1.8462650775909424,,1.0
273,100,,,2.2687368392944336,,1.0
274,10,,,0.2763183116912842,,1.0
274,25,,,0.7127010822296143,,1.0
274,40,,,0.7118926048278809,,1.0
274,55,,,0.602806806564331,,1.0
274,70,,,1.3993663787841797,,1.0
274,85,,,1.7399070262908936,,1.0
274,100,,,0.7576944828033447,,1.0
275,10,,,0.2773258686065674,,1.0
275,25,,,0.5263280868530273,,1.0
275,40,,,0.2490856647491455,,1.0
275,55,,,0.24564504623413086,,1.0
275,70,,,1.2314784526824951,,1.0
275,85,,,0.13542914390563965,,1.0
275,100,,,1.6572537422180176,,1.0
276,10,,,0.13847064971923828,,1.0
276,25,,,0.6562924385070801,,1.0
276,40,,,0.876105785369873,,1.0
276,55,,,0.6875202655792236,,1.0
276,70,,,1.5608832836151123,,1.0
276,85,,,1.9914300441741943,,1.0
276,100,,,2.0350990295410156,,1.0
277,10,,,0.27902984619140625,,1.0
277,25,,,0.19170475006103516,,1.0
277,40,,,1.1084704399108887,,1.0
277,55,,,0.4698145389556885,,1.0
277,70,,,1.7103376388549805,,1.0
277,85,,,1.743133306503296,,1.0
277,100,,,2.2038354873657227,,1.0
278,10,,,0.35539674758911133,,1.0
278,25,,,0.46221303939819336,,1.0
278,40,,,1.1561458110809326,,1.0
278,55,,,0.27933740615844727,,1.0
278,70,,,1.5624370574951172,,1.0
278,85,,,1.2430047988891602,,1.0
278,100,,,2.1069247722625732,,1.0
279,10,,,0.3048372268676758,,1.0
279,25,,,0.7095801830291748,,1.0
279,40,,,0.3541080951690674,,1.0
279,55,,,0.32451319694519043,,1.0
279,70,,,1.6112523078918457,,1.0
279,85,,,0.3540034294128418,,1.0
279,100,,,0.2686469554901123,,1.0
280,10,,,0.3534862995147705,,1.0
280,25,,,0.7261500358581543,,1.0
280,40,,,0.3894498348236084,,1.0
280,55,,,0.4374508857727051,,1.0
280,70,,,1.1471078395843506,,1.0
280,85,,,0.8792295455932617,,1.0
280,100,,,2.3542025089263916,,1.0
281,10,,,0.22275352478027344,,1.0
281,25,,,0.46486687660217285,,1.0
281,40,,,1.1775054931640625,,1.0
281,55,,,0.8689463138580322,,1.0
281,70,,,1.4700617790222168,,1.0
281,85,,,1.2775096893310547,,1.0
281,100,,,2.1749985218048096,,1.0
282,10,,,0.6295316219329834,,1.0
282,25,,,0.6804666519165039,,1.0
282,40,,,0.9773268699645996,,1.0
282,55,,,1.0753214359283447,,1.0
282,70,,,1.4088447093963623,,1.0
282,85,,,1.3024225234985352,,1.0
282,100,,,1.234123945236206,,1.0
283,10,,,0.4728713035583496,,1.0
283,25,,,0.35876965522766113,,1.0
283,40,,,1.1682720184326172,,1.0
283,55,,,0.6284964084625244,,1.0
283,70,,,1.4397850036621094,,1.0
283,85,,,0.6231741905212402,,1.0
283,100,,,1.1602556705474854,,1.0
284,10,,,0.13535356521606445,,1.0
284,25,,,0.488513708114624,,1.0
284,40,,,0.7602314949035645,,1.0
284,55,,,1.1212024688720703,,1.0
284,70,,,0.7582945823669434,,1.0
284,85,,,1.58514404296875,,1.0
284,100,,,2.326089382171631,,1.0
285,10,,,0.6012792587280273,,1.0
285,25,,,0.1605372428894043,,1.0
285,40,,,0.5588412284851074,,1.0
285,55,,,0.6445479393005371,,1.0
285,70,,,1.3596258163452148,,1.0
285,85,,,0.7539076805114746,,1.0
285,100,,,1.814870834350586,,1.0
286,10,,,0.6231467723846436,,1.0
286,25,,,0.1054832935333252,,1.0
286,40,,,1.014003038406372,,1.0
286,55,,,0.6752369403839111,,1.0
286,70,,,1.436697006225586,,1.0
286,85,,,1.974900722503662,,1.0
286,100,,,2.0898189544677734,,1.0
287,10,,,0.19121122360229492,,1.0
287,25,,,0.31763386726379395,,1.0
287,40,,,1.0920422077178955,,1.0
287,55,,,0.7215712070465088,,1.0
287,70,,,1.1384220123291016,,1.0
287,85,,,1.5757818222045898,,1.0
287,100,,,2.040308713912964,,1.0
288,10,,,0.19020462036132812,,1.0
288,25,,,0.6960387229919434,,1.0
288,40,,,0.42339158058166504,,1.0
288,55,,,1.331770896911621,,1.0
288,70,,,1.3069846630096436,,1.0
288,85,,,0.7384755611419678,,1.0
288,100,,,0.4028449058532715,,1.0
289,10,,,0.1885213851928711,,1.0
289,25,,,0.5859110355377197,,1.0
289,40,,,0.9363837242126465,,1.0
289,55,,,0.4018373489379883,,1.0
289,70,,,1.4935438632965088,,1.0
289,85,,,1.7399282455444336,,1.0
289,100,,,2.0857832431793213,,1.0
290,10,,,0.13544082641601562,,1.0
290,25,,,0.34535861015319824,,1.0
290,40,,,0.9592669010162354,,1.0
290,55,,,0.37320494651794434,,1.0
290,70,,,0.7389914989471436,,1.0
290,85,,,0.8262803554534912,,1.0
290,100,,,1.650195598602295,,1.0
291,10,,,0.21657085418701172,,1.0
291,25,,,0.5588128566741943,,1.0
291,40,,,0.4241766929626465,,1.0
291,55,,,0.39811205863952637,,1.0
291,70,,,1.5818660259246826,,1.0
291,85,,,0.16456198692321777,,1.0
291,100,,,1.6839158535003662,,1.0
292,10,,,0.21553659439086914,,1.0
292,25,,,0.21102666854858398,,1.0
292,40,,,0.2907378673553467,,1.0
292,55,,,0.7186846733093262,,1.0
292,70,,,0.796851634979248,,1.0
292,85,,,1.7793397903442383,,1.0
292,100,,,2.1030328273773193,,1.0
293,10,,,0.21672844886779785,,1.0
293,25,,,0.4559924602508545,,1.0
293,40,,,0.5630667209625244,,1.0
293,55,,,0.7042365074157715,,1.0
293,70,,,1.3133652210235596,,1.0
293,85,,,1.9482753276824951,,1.0
293,100,,,2.080108404159546,,1.0
294,10,,,0.3492746353149414,,1.0
294,25,,,0.18375658988952637,,1.0
294,40,,,0.7446153163909912,,1.0
294,55,,,0.2890310287475586,,1.0
294,70,,,1.6267368793487549,,1.0
294,85,,,2.002619504928589,,1.0
294,100,,,2.3222200870513916,,1.0
295,10,,,0.5946528911590576,,1.0
295,25,,,0.29583001136779785,,1.0
295,40,,,0.8357796669006348,,1.0
295,55,,,0.8517863750457764,,1.0
295,70,,,1.5932748317718506,,1.0
295,85,,,1.6890220642089844,,1.0
295,100,,,2.0632832050323486,,1.0
296,10,,,0.27195072174072266,,1.0
296,25,,,0.24231886863708496,,1.0
296,40,,,0.2948322296142578,,1.0
296,55,,,0.4019768238067627,,1.0
296,70,,,1.4426486492156982,,1.0
296,85,,,2.0487959384918213,,1.0
296,100,,,2.4023425579071045,,1.0
297,10,,,0.38280797004699707,,1.0
297,25,,,0.537729024887085,,1.0
297,40,,,0.1059412956237793,,1.0
297,55,,,1.2365174293518066,,1.0
297,70,,,1.7221941947937012,,1.0
297,85,,,1.865922212600708,,1.0
297,100,,,2.01877760887146,,1.0
298,10,,,0.32513880729675293,,1.0
298,25,,,0.7517952919006348,,1.0
298,40,,,0.538475513458252,,1.0
298,55,,,1.0653891563415527,,1.0
298,70,,,1.4815130233764648,,1.0
298,85,,,1.7327368259429932,,1.0
298,100,,,2.1922354698181152,,1.0
299,10,,,0.3531050682067871,,1.0
299,25,,,0.1596677303314209,,1.0
299,40,,,0.8613920211791992,,1.0
299,55,,,0.594106912612915,,1.0
299,70,,,1.5679049491882324,,1.0
299,85,,,1.378891944885254,,1.0
299,100,,,1.8412182331085205,,1.0
300,10,,,0.2177295684814453,,1.0
300,25,,,0.4575200080871582,,1.0
300,40,,,0.5803594589233398,,1.0
300,55,,,0.27671194076538086,,1.0
300,70,,,1.2340073585510254,,1.0
300,85,,,1.8499550819396973,,1.0
300,100,,,2.1663625240325928,,1.0
301,10,,,0.5997905731201172,,1.0
301,25,,,0.40407562255859375,,1.0
301,40,,,1.6975798606872559,,1.0
301,55,,,1.2730627059936523,,1.0
301,70,,,1.986556053161621,,1.0
301,85,,,1.7379753589630127,,1.0
301,100,,,1.8830320835113525,,1.0
302,10,,,0.18938326835632324,,1.0
302,25,,,0.5912771224975586,,1.0
302,40,,,1.0488383769989014,,1.0
302,55,,,0.5404961109161377,,1.0
302,70,,,1.5665936470031738,,1.0
302,85,,,1.736436128616333,,1.0
302,100,,,2.3235108852386475,,1.0
303,10,,,0.3045508861541748,,1.0
303,25,,,0.30518507957458496,,1.0
303,40,,,1.1213676929473877,,1.0
303,55,,,0.5181632041931152,,1.0
303,70,,,0.9184896945953369,,1.0
303,85,,,1.4621922969818115,,1.0
303,100,,,2.242952585220337,,1.0
304,10,,,0.24788594245910645,,1.0
304,25,,,0.4021611213684082,,1.0
304,40,,,1.092102289199829,,1.0
304,55,,,0.4663279056549072,,1.0
304,70,,,1.7554469108581543,,1.0
304,85,,,1.663856029510498,,1.0
304,100,,,1.5764544010162354,,1.0
305,10,,,0.19339466094970703,,1.0
305,25,,,0.4059014320373535,,1.0
305,40,,,0.5143039226531982,,1.0
305,55,,,0.2675206661224365,,1.0
305,70,,,1.1327085494995117,,1.0
305,85,,,1.5179469585418701,,1.0
305,100,,,2.222400426864624,,1.0
306,10,,,0.35454630851745605,,1.0
306,25,,,0.34961724281311035,,1.0
306,40,,,0.6985247135162354,,1.0
306,55,,,0.2421252727508545,,1.0
306,70,,,0.5332045555114746,,1.0
306,85,,,1.7472915649414062,,1.0
306,100,,,2.465877056121826,,1.0
307,10,,,0.27222609519958496,,1.0
307,25,,,0.5693323612213135,,1.0
307,40,,,0.3777472972869873,,1.0
307,55,,,1.0863807201385498,,1.0
307,70,,,1.3051416873931885,,1.0
307,85,,,1.4240124225616455,,1.0
307,100,,,2.1514949798583984,,1.0
308,10,,,0.46085381507873535,,1.0
308,25,,,0.7770392894744873,,1.0
308,40,,,1.1044788360595703,,1.0
308,55,,,1.346529245376587,,1.0
308,70,,,1.3365085124969482,,1.0
308,85,,,0.9127225875854492,,1.0
308,100,,,2.2424683570861816,,1.0
309,10,,,0.3269829750061035,,1.0
309,25,,,0.7262141704559326,,1.0
309,40,,,0.5609126091003418,,1.0
309,55,,,0.9945874214172363,,1.0
309,70,,,1.4162132740020752,,1.0
309,85,,,0.37538957595825195,,1.0
309,100,,,1.066873550415039,,1.0
310,10,,,0.4314231872558594,,1.0
310,25,,,0.5372409820556641,,1.0
310,40,,,0.29494619369506836,,1.0
310,55,,,0.8030431270599365,,1.0
310,70,,,1.3684656620025635,,1.0
310,85,,,0.9569759368896484,,1.0
310,100,,,2.0459718704223633,,1.0
311,10,,,0.22033262252807617,,1.0
311,25,,,0.43112921714782715,,1.0
311,40,,,0.539931058883667,,1.0
311,55,,,0.5578665733337402,,1.0
311,70,,,1.0150189399719238,,1.0
311,85,,,1.0073771476745605,,1.0
311,100,,,1.9383785724639893,,1.0
312,10,,,0.3062856197357178,,1.0
312,25,,,0.21857118606567383,,1.0
312,40,,,1.105445384979248,,1.0
312,55,,,0.8377773761749268,,1.0
312,70,,,1.573681354522705,,1.0
312,85,,,1.5147850513458252,,1.0
312,100,,,2.0297036170959473,,1.0
313,10,,,0.2731475830078125,,1.0
313,25,,,0.2949209213256836,,1.0
313,40,,,0.807265043258667,,1.0
313,55,,,0.4542405605316162,,1.0
313,70,,,1.6202611923217773,,1.0
313,85,,,1.7923753261566162,,1.0
313,100,,,2.2013461589813232,,1.0
314,10,,,0.27007365226745605,,1.0
314,25,,,0.5866074562072754,,1.0
314,40,,,0.18967366218566895,,1.0
314,55,,,0.5617537498474121,,1.0
314,70,,,1.526472806930542,,1.0
314,85,,,1.6097571849822998,,1.0
314,100,,,1.9167563915252686,,1.0
315,10,,,1.0015552043914795,,1.0
315,25,,,0.4576387405395508,,1.0
315,40,,,0.3746185302734375,,1.0
315,55,,,0.8631641864776611,,1.0
315,70,,,1.42769455909729,,1.0
315,85,,,0.8831455707550049,,1.0
315,100,,,1.9148836135864258,,1.0
316,10,,,0.2683863639831543,,1.0
316,25,,,0.4807560443878174,,1.0
316,40,,,0.5075626373291016,,1.0
316,55,,,0.7502689361572266,,1.0
316,70,,,1.3938486576080322,,1.0
316,85,,,1.613640546798706,,1.0
316,100,,,1.9242587089538574,,1.0
317,10,,,0.11022305488586426,,1.0
317,25,,,0.3481297492980957,,1.0
317,40,,,0.609116792678833,,1.0
317,55,,,1.2644009590148926,,1.0
317,70,,,1.4541065692901611,,1.0
317,85,,,1.8278682231903076,,1.0
317,100,,,1.8838262557983398,,1.0
318,10,,,0.6873011589050293,,1.0
318,25,,,0.4593017101287842,,1.0
318,40,,,0.4076070785522461,,1.0
318,55,,,0.6793344020843506,,1.0
318,70,,,0.9980206489562988,,1.0
318,85,,,1.504629373550415,,1.0
318,100,,,2.341029405593872,,1.0
319,10,,,0.24593663215637207,,1.0
319,25,,,0.6798079013824463,,1.0
319,40,,,1.1177890300750732,,1.0
319,55,,,0.19541382789611816,,1.0
319,70,,,1.328514814376831,,1.0
319,85,,,2.03544545173645,,1.0
319,100,,,0.9445676803588867,,1.0
320,10,,,0.24539709091186523,,1.0
320,25,,,0.3540668487548828,,1.0
320,40,,,0.9059145450592041,,1.0
320,55,,,0.5662274360656738,,1.0
320,70,,,1.742640495300293,,1.0
320,85,,,1.4252839088439941,,1.0
320,100,,,1.8947854042053223,,1.0
321,10,,,0.13902997970581055,,1.0
321,25,,,0.5710079669952393,,1.0
321,40,,,0.6816871166229248,,1.0
321,55,,,0.8427944183349609,,1.0
321,70,,,0.6738457679748535,,1.0
321,85,,,1.1297216415405273,,1.0
321,100,,,1.963798999786377,,1.0
322,10,,,0.2749655246734619,,1.0
322,25,,,0.6812410354614258,,1.0
322,40,,,0.8471982479095459,,1.0
322,55,,,0.4579353332519531,,1.0
322,70,,,0.8359670639038086,,1.0
322,85,,,1.1079788208007812,,1.0
322,100,,,2.2711496353149414,,1.0
323,10,,,0.405686616897583,,1.0
323,25,,,0.565762996673584,,1.0
323,40,,,0.7172787189483643,,1.0
323,55,,,0.43089938163757324,,1.0
323,70,,,1.5944747924804688,,1.0
323,85,,,1.6213018894195557,,1.0
323,100,,,2.0789856910705566,,1.0
324,10,,,0.32645344734191895,,1.0
324,25,,,0.6218266487121582,,1.0
324,40,,,1.0515742301940918,,1.0
324,55,,,1.2035863399505615,,1.0
324,70,,,1.5042073726654053,,1.0
324,85,,,1.0415294170379639,,1.0
324,100,,,2.431001663208008,,1.0
325,10,,,0.16487956047058105,,1.0
325,25,,,0.29292869567871094,,1.0
325,40,,,1.0497674942016602,,1.0
325,55,,,0.49043726921081543,,1.0
325,70,,,1.623645305633545,,1.0
325,85,,,1.6183109283447266,,1.0
325,100,,,2.113375186920166,,1.0
326,10,,,0.2186126708984375,,1.0
326,25,,,0.6735427379608154,,1.0
326,40,,,0.7291088104248047,,1.0
326,55,,,0.1327817440032959,,1.0
326,70,,,1.4523682594299316,,1.0
326,85,,,0.9123992919921875,,1.0
326,100,,,2.349233865737915,,1.0
327,10,,,0.8137631416320801,,1.0
327,25,,,0.18810105323791504,,1.0
327,40,,,0.7778425216674805,,1.0
327,55,,,1.2094590663909912,,1.0
327,70,,,1.614509105682373,,1.0
327,85,,,1.5022494792938232,,1.0
327,100,,,2.223536968231201,,1.0
328,10,,,0.13681817054748535,,1.0
328,25,,,0.24267148971557617,,1.0
328,40,,,1.1586639881134033,,1.0
328,55,,,1.233372449874878,,1.0
328,70,,,1.5268428325653076,,1.0
328,85,,,1.926041841506958,,1.0
328,100,,,2.152547836303711,,1.0
329,10,,,0.11223506927490234,,1.0
329,25,,,0.7275080680847168,,1.0
329,40,,,0.3221604824066162,,1.0
329,55,,,0.5378818511962891,,1.0
329,70,,,1.117563009262085,,1.0
329,85,,,0.5399887561798096,,1.0
329,100,,,2.016766309738159,,1.0
330,10,,,0.8105018138885498,,1.0
330,25,,,0.40392589569091797,,1.0
330,40,,,0.4519157409667969,,1.0
330,55,,,0.37433505058288574,,1.0
330,70,,,1.8021016120910645,,1.0
330,85,,,1.8902359008789062,,1.0
330,100,,,2.336793899536133,,1.0
331,10,,,0.24767398834228516,,1.0
331,25,,,0.3000938892364502,,1.0
331,40,,,1.9963016510009766,,1.0
331,55,,,1.292119026184082,,1.0
331,70,,,1.175243854522705,,1.0
331,85,,,1.3971199989318848,,1.0
331,100,,,0.8597300052642822,,1.0
332,10,,,0.6184995174407959,,1.0
332,25,,,0.7186174392700195,,1.0
332,40,,,0.9359586238861084,,1.0
332,55,,,1.0457236766815186,,1.0
332,70,,,1.4799773693084717,,1.0
332,85,,,2.0554776191711426,,1.0
332,100,,,2.4781715869903564,,1.0
333,10,,,0.27678823471069336,,1.0
333,25,,,0.21620893478393555,,1.0
333,40,,,0.6763644218444824,,1.0
333,55,,,0.35167789459228516,,1.0
333,70,,,1.877375841140747,,1.0
333,85,,,1.6004493236541748,,1.0
333,100,,,2.183763265609741,,1.0
334,10,,,0.401839017868042,,1.0
334,25,,,0.45275330543518066,,1.0
334,40,,,0.6186318397521973,,1.0
334,55,,,1.1857032775878906,,1.0
334,70,,,1.5008342266082764,,1.0
334,85,,,1.8492152690887451,,1.0
334,100,,,2.565784454345703,,1.0
335,10,,,0.17172694206237793,,1.0
335,25,,,0.5903406143188477,,1.0
335,40,,,0.6496169567108154,,1.0
335,55,,,0.5644316673278809,,1.0
335,70,,,1.0553338527679443,,1.0
335,85,,,1.6064865589141846,,1.0
335,100,,,1.9614930152893066,,1.0
336,10,,,0.13901209831237793,,1.0
336,25,,,0.6815056800842285,,1.0
336,40,,,0.6295075416564941,,1.0
336,55,,,1.175410270690918,,1.0
336,70,,,1.1104016304016113,,1.0
336,85,,,1.451017141342163,,1.0
336,100,,,2.6682422161102295,,1.0
337,10,,,0.5167179107666016,,1.0
337,25,,,0.460573673248291,,1.0
337,40,,,0.31987786293029785,,1.0
337,55,,,1.1574831008911133,,1.0
337,70,,,1.7528116703033447,,1.0
337,85,,,1.5056965351104736,,1.0
337,100,,,2.1728103160858154,,1.0
338,10,,,0.5674893856048584,,1.0
338,25,,,0.2419898509979248,,1.0
338,40,,,0.15866446495056152,,1.0
338,55,,,0.47656869888305664,,1.0
338,70,,,1.7489008903503418,,1.0
338,85,,,1.1034822463989258,,1.0
338,100,,,1.808988094329834,,1.0
339,10,,,0.32628965377807617,,1.0
339,25,,,0.24062442779541016,,1.0
339,40,,,1.0883421897888184,,1.0
339,55,,,0.984102725982666,,1.0
339,70,,,1.3759996891021729,,1.0
339,85,,,1.2440099716186523,,1.0
339,100,,,2.035078287124634,,1.0
340,10,,,0.5715360641479492,,1.0
340,25,,,0.325913667678833,,1.0
340,40,,,0.26993227005004883,,1.0
340,55,,,0.7664077281951904,,1.0
340,70,,,1.6424593925476074,,1.0
340,85,,,0.41173243522644043,,1.0
340,100,,,1.329658031463623,,1.0
341,10,,,0.1360764503479004,,1.0
341,25,,,0.4338870048522949,,1.0
341,40,,,0.8916444778442383,,1.0
341,55,,,1.2711541652679443,,1.0
341,70,,,1.5947015285491943,,1.0
341,85,,,1.8123576641082764,,1.0
341,100,,,2.0022807121276855,,1.0
342,10,,,0.3251328468322754,,1.0
342,25,,,0.485353946685791,,1.0
342,40,,,0.4969027042388916,,1.0
342,55,,,1.1983633041381836,,1.0
342,70,,,0.6167755126953125,,1.0
342,85,,,1.626345157623291,,1.0
342,100,,,1.817504644393921,,1.0
343,10,,,0.3546133041381836,,1.0
343,25,,,0.5654666423797607,,1.0
343,40,,,0.4566061496734619,,1.0
343,55,,,1.2126448154449463,,1.0
343,70,,,1.5960767269134521,,1.0
343,85,,,1.2218666076660156,,1.0
343,100,,,1.1569349765777588,,1.0
344,10,,,0.5406856536865234,,1.0
344,25,,,0.2434978485107422,,1.0
344,40,,,0.8926143646240234,,1.0
344,55,,,0.2962462902069092,,1.0
344,70,,,0.7471475601196289,,1.0
344,85,,,1.0702216625213623,,1.0
344,100,,,2.213386297225952,,1.0
345,10,,,0.19084930419921875,,1.0
345,25,,,0.5705556869506836,,1.0
345,40,,,0.1055448055267334,,1.0
345,55,,,0.19037914276123047,,1.0
345,70,,,0.8563120365142822,,1.0
345,85,,,0.7009491920471191,,1.0
345,100,,,0.41104888916015625,,1.0
346,10,,,0.3261847496032715,,1.0
346,25,,,0.6789727210998535,,1.0
346,40,,,1.80167818069458,,1.0
346,55,,,0.2994577884674072,,1.0
346,70,,,1.269702672958374,,1.0
346,85,,,2.092036008834839,,1.0
346,100,,,2.1004798412323,,1.0
347,10,,,0.3533163070678711,,1.0
347,25,,,0.24101924896240234,,1.0
347,40,,,0.7102701663970947,,1.0
347,55,,,0.9584469795227051,,1.0
347,70,,,0.49160242080688477,,1.0
347,85,,,1.713294506072998,,1.0
347,100,,,2.0508511066436768,,1.0
348,10,,,0.11181998252868652,,1.0
348,25,,,0.4845242500305176,,1.0
348,40,,,0.3284769058227539,,1.0
348,55,,,1.0577328205108643,,1.0
348,70,,,0.5970034599304199,,1.0
348,85,,,1.9604477882385254,,1.0
348,100,,,0.36107897758483887,,1.0
349,10,,,0.24265313148498535,,1.0
349,25,,,0.40697789192199707,,1.0
349,40,,,0.37340235710144043,,1.0
349,55,,,0.3371291160583496,,1.0
349,70,,,1.573761224746704,,1.0
349,85,,,1.5845470428466797,,1.0
349,100,,,1.8294832706451416,,1.0
350,10,,,0.2164750099182129,,1.0
350,25,,,0.48061704635620117,,1.0
350,40,,,1.0041358470916748,,1.0
350,55,,,0.38354063034057617,,1.0
350,70,,,1.4570040702819824,,1.0
350,85,,,2.0831551551818848,,1.0
350,100,,,2.418161392211914,,1.0
351,10,,,0.8239419460296631,,1.0
351,25,,,0.24669098854064941,,1.0
351,40,,,0.6312973499298096,,1.0
351,55,,,0.46294641494750977,,1.0
351,70,,,1.8417980670928955,,1.0
351,85,,,1.2872965335845947,,1.0
351,100,,,2.368337392807007,,1.0
352,10,,,0.36644649505615234,,1.0
352,25,,,0.5479633808135986,,1.0
352,40,,,1.0443580150604248,,1.0
352,55,,,0.3004271984100342,,1.0
352,70,,,1.6157710552215576,,1.0
352,85,,,1.2074496746063232,,1.0
352,100,,,2.4756417274475098,,1.0
353,10,,,0.44095587730407715,,1.0
353,25,,,0.4270458221435547,,1.0
353,40,,,0.26904749870300293,,1.0
353,55,,,0.7920644283294678,,1.0
353,70,,,1.5625629425048828,,1.0
353,85,,,1.6376237869262695,,1.0
353,100,,,0.13657474517822266,,1.0
354,10,,,0.24320554733276367,,1.0
354,25,,,0.6350293159484863,,1.0
354,40,,,0.48894190788269043,,1.0
354,55,,,0.10677266120910645,,1.0
354,70,,,1.6000499725341797,,1.0
354,85,,,1.8298518657684326,,1.0
354,100,,,2.193072557449341,,1.0
355,10,,,0.27646589279174805,,1.0
355,25,,,0.4691348075866699,,1.0
355,40,,,0.8809075355529785,,1.0
355,55,,,1.4138717651367188,,1.0
355,70,,,1.4464569091796875,,1.0
355,85,,,1.346679449081421,,1.0
355,100,,,1.8566627502441406,,1.0
356,10,,,0.30179619789123535,,1.0
356,25,,,0.5757851600646973,,1.0
356,40,,,0.27293920516967773,,1.0
356,55,,,1.0088281631469727,,1.0
356,70,,,1.312349796295166,,1.0
356,85,,,1.8665034770965576,,1.0
356,100,,,2.5718085765838623,,1.0
357,10,,,0.38501620292663574,,1.0
357,25,,,0.3952672481536865,,1.0
357,40,,,1.2625868320465088,,1.0
357,55,,,0.549201250076294,,1.0
357,70,,,1.2309823036193848,,1.0
357,85,,,1.6147329807281494,,1.0
357,100,,,1.7824747562408447,,1.0
358,10,,,0.6428229808807373,,1.0
358,25,,,0.6360898017883301,,1.0
358,40,,,1.1132032871246338,,1.0
358,55,,,0.8816351890563965,,1.0
358,70,,,1.7457308769226074,,1.0
358,85,,,1.3466286659240723,,1.0
358,100,,,0.9907426834106445,,1.0
359,10,,,0.9587111473083496,,1.0
359,25,,,0.6470170021057129,,1.0
359,40,,,0.27373838424682617,,1.0
359,55,,,1.1458353996276855,,1.0
359,70,,,1.5116548538208008,,1.0
359,85,,,1.534893274307251,,1.0
359,100,,,1.993227243423462,,1.0
360,10,,,0.13784146308898926,,1.0
360,25,,,0.35077524185180664,,1.0
360,40,,,0.8520965576171875,,1.0
360,55,,,0.8073141574859619,,1.0
360,70,,,1.2647130489349365,,1.0
360,85,,,1.0531725883483887,,1.0
360,100,,,1.9239497184753418,,1.0
361,10,,,0.8124833106994629,,1.0
361,25,,,0.4036366939544678,,1.0
361,40,,,0.6094253063201904,,1.0
361,55,,,0.45607471466064453,,1.0
361,70,,,1.4262399673461914,,1.0
361,85,,,1.6929943561553955,,1.0
361,100,,,1.967803716659546,,1.0
362,10,,,0.27237629890441895,,1.0
362,25,,,0.6187365055084229,,1.0
362,40,,,1.1110024452209473,,1.0
362,55,,,0.5353517532348633,,1.0
362,70,,,1.5846138000488281,,1.0
362,85,,,1.6927478313446045,,1.0
362,100,,,2.464630126953125,,1.0
363,10,,,0.24628424644470215,,1.0
363,25,,,0.3755984306335449,,1.0
363,40,,,0.968280553817749,,1.0
363,55,,,0.31972813606262207,,1.0
363,70,,,1.0238187313079834,,1.0
363,85,,,1.6777634620666504,,1.0
363,100,,,1.285015344619751,,1.0
364,10,,,0.6191773414611816,,1.0
364,25,,,0.6438097953796387,,1.0
364,40,,,0.2659335136413574,,1.0
364,55,,,1.1282503604888916,,1.0
364,70,,,1.803215503692627,,1.0
364,85,,,1.749483346939087,,1.0
364,100,,,1.0214684009552002,,1.0
365,10,,,0.5230681896209717,,1.0
365,25,,,0.6845293045043945,,1.0
365,40,,,1.1051836013793945,,1.0
365,55,,,0.8346695899963379,,1.0
365,70,,,1.0498933792114258,,1.0
365,85,,,1.680262804031372,,1.0
365,100,,,1.999424934387207,,1.0
366,10,,,0.540241003036499,,1.0
366,25,,,0.5111503601074219,,1.0
366,40,,,0.6730132102966309,,1.0
366,55,,,1.3890926837921143,,1.0
366,70,,,1.5355489253997803,,1.0
366,85,,,1.451089859008789,,1.0
366,100,,,2.373168706893921,,1.0
367,10,,,0.21980857849121094,,1.0
367,25,,,0.726142406463623,,1.0
367,40,,,0.5978689193725586,,1.0
367,55,,,0.9448826313018799,,1.0
367,70,,,1.3235952854156494,,1.0
367,85,,,1.6489455699920654,,1.0
367,100,,,2.193573236465454,,1.0
368,10,,,0.2199859619140625,,1.0
368,25,,,0.5877373218536377,,1.0
368,40,,,0.777385950088501,,1.0
368,55,,,1.0238354206085205,,1.0
368,70,,,0.8353915214538574,,1.0
368,85,,,1.6391191482543945,,1.0
368,100,,,2.2708728313446045,,1.0
369,10,,,0.655341625213623,,1.0
369,25,,,0.5980556011199951,,1.0
369,40,,,0.8618795871734619,,1.0
369,55,,,0.9993045330047607,,1.0
369,70,,,2.885869026184082,,1.0
369,85,,,1.9975335597991943,,1.0
369,100,,,1.9139125347137451,,1.0
370,10,,,0.48788905143737793,,1.0
370,25,,,0.6279609203338623,,1.0
370,40,,,1.1229281425476074,,1.0
370,55,,,1.0212340354919434,,1.0
370,70,,,1.3967902660369873,,1.0
370,85,,,1.0220270156860352,,1.0
370,100,,,2.564655303955078,,1.0
371,10,,,0.4354984760284424,,1.0
371,25,,,0.5659549236297607,,1.0
371,40,,,1.0492057800292969,,1.0
371,55,,,0.4869823455810547,,1.0
371,70,,,1.265981912612915,,1.0
371,85,,,1.0411322116851807,,1.0
371,100,,,0.9668333530426025,,1.0
372,10,,,1.0766065120697021,,1.0
372,25,,,0.968303918838501,,1.0
372,40,,,0.16096901893615723,,1.0
372,55,,,0.47882747650146484,,1.0
372,70,,,0.7823410034179688,,1.0
372,85,,,1.4777255058288574,,1.0
372,100,,,2.3506932258605957,,1.0
373,10,,,0.14287447929382324,,1.0
373,25,,,1.18284273147583,,1.0
373,40,,,0.9162414073944092,,1.0
373,55,,,0.6730878353118896,,1.0
373,70,,,1.2894141674041748,,1.0
373,85,,,0.3499729633331299,,1.0
373,100,,,2.177626371383667,,1.0
374,10,,,1.0836505889892578,,1.0
374,25,,,0.5325205326080322,,1.0
374,40,,,0.887516975402832,,1.0
374,55,,,0.7255082130432129,,1.0
374,70,,,1.2918219566345215,,1.0
374,85,,,1.940582036972046,,1.0
374,100,,,2.49896502494812,,1.0
375,10,,,0.19356679916381836,,1.0
375,25,,,0.6204166412353516,,1.0
375,40,,,0.8678526878356934,,1.0
375,55,,,0.5959956645965576,,1.0
375,70,,,1.2615885734558105,,1.0
375,85,,,1.5849673748016357,,1.0
375,100,,,2.0498557090759277,,1.0
376,10,,,0.2533273696899414,,1.0
376,25,,,0.1706852912902832,,1.0
376,40,,,0.7915356159210205,,1.0
376,55,,,0.5728790760040283,,1.0
376,70,,,1.4249258041381836,,1.0
376,85,,,1.9810571670532227,,1.0
376,100,,,2.333134412765503,,1.0
377,10,,,0.2208876609802246,,1.0
377,25,,,0.3790600299835205,,1.0
377,40,,,0.6873762607574463,,1.0
377,55,,,0.8523514270782471,,1.0
377,70,,,1.4082283973693848,,1.0
377,85,,,1.6742761135101318,,1.0
377,100,,,2.098074197769165,,1.0
378,10,,,0.24657177925109863,,1.0
378,25,,,0.433074951171875,,1.0
378,40,,,0.37680768966674805,,1.0
378,55,,,0.26711225509643555,,1.0
378,70,,,1.2399568557739258,,1.0
378,85,,,1.8055198192596436,,1.0
378,100,,,2.111144542694092,,1.0
379,10,,,0.30077481269836426,,1.0
379,25,,,0.6183822154998779,,1.0
379,40,,,1.72877836227417,,1.0
379,55,,,0.9669201374053955,,1.0
379,70,,,1.5572288036346436,,1.0
379,85,,,1.0671517848968506,,1.0
379,100,,,0.9647562503814697,,1.0
380,10,,,0.24091696739196777,,1.0
380,25,,,0.48427391052246094,,1.0
380,40,,,0.5967135429382324,,1.0
380,55,,,1.1633374691009521,,1.0
380,70,,,1.2400693893432617,,1.0
380,85,,,1.6943538188934326,,1.0
380,100,,,2.3707661628723145,,1.0
381,10,,,0.18019747734069824,,1.0
381,25,,,0.8056216239929199,,1.0
381,40,,,0.9957151412963867,,1.0
381,55,,,0.7934973239898682,,1.0
381,70,,,1.8570468425750732,,1.0
381,85,,,2.076449155807495,,1.0
381,100,,,0.9417312145233154,,1.0
382,10,,,0.17609405517578125,,1.0
382,25,,,0.5605959892272949,,1.0
382,40,,,1.1521170139312744,,1.0
382,55,,,0.3796117305755615,,1.0
382,70,,,1.4600934982299805,,1.0
382,85,,,1.9213480949401855,,1.0
382,100,,,2.147505283355713,,1.0
383,10,,,0.19364094734191895,,1.0
383,25,,,0.4054224491119385,,1.0
383,40,,,1.0247488021850586,,1.0
383,55,,,0.8550126552581787,,1.0
383,70,,,1.3064634799957275,,1.0
383,85,,,1.917327880859375,,1.0
383,100,,,1.761911153793335,,1.0
384,10,,,0.5407445430755615,,1.0
384,25,,,0.6744334697723389,,1.0
384,40,,,0.6506884098052979,,1.0
384,55,,,0.8943557739257812,,1.0
384,70,,,1.7246451377868652,,1.0
384,85,,,1.1228787899017334,,1.0
384,100,,,1.7090723514556885,,1.0
385,10,,,0.21982288360595703,,1.0
385,25,,,0.37576889991760254,,1.0
385,40,,,0.8596518039703369,,1.0
385,55,,,0.7231447696685791,,1.0
385,70,,,1.7469923496246338,,1.0
385,85,,,0.854334831237793,,1.0
385,100,,,2.1052234172821045,,1.0
386,10,,,0.43314552307128906,,1.0
386,25,,,0.75445556640625,,1.0
386,40,,,0.48290419578552246,,1.0
386,55,,,0.9637932777404785,,1.0
386,70,,,1.2596452236175537,,1.0
386,85,,,1.6604704856872559,,1.0
386,100,,,1.3715429306030273,,1.0
387,10,,,0.16506385803222656,,1.0
387,25,,,0.32314181327819824,,1.0
387,40,,,0.15992474555969238,,1.0
387,55,,,0.8410725593566895,,1.0
387,70,,,1.3590247631072998,,1.0
387,85,,,1.8401198387145996,,1.0
387,100,,,2.381843328475952,,1.0
388,10,,,0.3525874614715576,,1.0
388,25,,,0.348858118057251,,1.0
388,40,,,1.4507734775543213,,1.0
388,55,,,0.8653349876403809,,1.0
388,70,,,1.690248966217041,,1.0
388,85,,,2.022512674331665,,1.0
388,100,,,2.2744479179382324,,1.0
389,10,,,1.0596375465393066,,1.0
389,25,,,0.4872701168060303,,1.0
389,40,,,1.1605608463287354,,1.0
389,55,,,0.21635007858276367,,1.0
389,70,,,1.3467097282409668,,1.0
389,85,,,1.5364947319030762,,1.0
389,100,,,1.9685194492340088,,1.0
390,10,,,0.16582441329956055,,1.0
390,25,,,0.6715176105499268,,1.0
390,40,,,0.755579948425293,,1.0
390,55,,,0.35159754753112793,,1.0
390,70,,,1.5842409133911133,,1.0
390,85,,,1.7999958992004395,,1.0
390,100,,,2.3428282737731934,,1.0
391,10,,,1.2715787887573242,,1.0
391,25,,,0.2220015525817871,,1.0
391,40,,,0.6218669414520264,,1.0
391,55,,,0.5431513786315918,,1.0
391,70,,,1.7057263851165771,,1.0
391,85,,,1.8939154148101807,,1.0
391,100,,,2.181901693344116,,1.0
392,10,,,0.7048244476318359,,1.0
392,25,,,0.24211335182189941,,1.0
392,40,,,0.40265822410583496,,1.0
392,55,,,0.5367591381072998,,1.0
392,70,,,1.7440669536590576,,1.0
392,85,,,1.6437819004058838,,1.0
392,100,,,1.902989387512207,,1.0
393,10,,,0.2179877758026123,,1.0
393,25,,,0.45586323738098145,,1.0
393,40,,,0.9530627727508545,,1.0
393,55,,,0.9638693332672119,,1.0
393,70,,,1.4469223022460938,,1.0
393,85,,,1.1026105880737305,,1.0
393,100,,,2.0707004070281982,,1.0
394,10,,,0.34943509101867676,,1.0
394,25,,,0.2951476573944092,,1.0
394,40,,,0.9106478691101074,,1.0
394,55,,,0.8325090408325195,,1.0
394,70,,,1.0636413097381592,,1.0
394,85,,,0.614001989364624,,1.0
394,100,,,1.7377479076385498,,1.0
395,10,,,0.8949780464172363,,1.0
395,25,,,0.34800219535827637,,1.0
395,40,,,0.9565203189849854,,1.0
395,55,,,0.7983591556549072,,1.0
395,70,,,3.316702365875244,,1.0
395,85,,,1.7236895561218262,,1.0
395,100,,,2.1160871982574463,,1.0
396,10,,,0.4322540760040283,,1.0
396,25,,,0.6119914054870605,,1.0
396,40,,,0.833010196685791,,1.0
396,55,,,0.8074877262115479,,1.0
396,70,,,1.5128228664398193,,1.0
396,85,,,1.6088850498199463,,1.0
396,100,,,2.456537961959839,,1.0
397,10,,,0.43544554710388184,,1.0
397,25,,,0.4532949924468994,,1.0
397,40,,,0.5651037693023682,,1.0
397,55,,,1.2537572383880615,,1.0
397,70,,,1.3708972930908203,,1.0
397,85,,,1.5075054168701172,,1.0
397,100,,,2.1582138538360596,,1.0
398,10,,,0.2190687656402588,,1.0
398,25,,,0.32227540016174316,,1.0
398,40,,,0.40189409255981445,,1.0
398,55,,,1.3622312545776367,,1.0
398,70,,,1.5191853046417236,,1.0
398,85,,,1.843008041381836,,1.0
398,100,,,2.292271375656128,,1.0
399,10,,,0.38147807121276855,,1.0
399,25,,,0.5151395797729492,,1.0
399,40,,,0.648963451385498,,1.0
399,55,,,1.2907252311706543,,1.0
399,70,,,1.6636464595794678,,1.0
399,85,,,1.7232201099395752,,1.0
399,100,,,2.090827465057373,,1.0
