fold,steps,mae_no_exit,validity_no_exit,execution_time_sec
0,10,,1.0,0.717073917388916
0,25,,1.0,0.6570088863372803
0,40,,1.0,0.9549293518066406
0,55,,1.0,1.4262135028839111
0,70,,1.0,1.650740385055542
0,85,,1.0,1.9901134967803955
0,100,,1.0,2.310661792755127
1,10,,1.0,0.5260016918182373
1,25,,1.0,0.6303501129150391
1,40,,1.0,0.9706978797912598
1,55,,1.0,2.5258400440216064
1,70,,1.0,1.6431074142456055
1,85,,1.0,1.9839622974395752
1,100,,1.0,2.3104591369628906
2,10,,1.0,0.5217437744140625
2,25,,1.0,0.6308939456939697
2,40,,1.0,1.1078107357025146
2,55,,1.0,1.3199427127838135
2,70,,1.0,1.6658501625061035
2,85,,1.0,1.9664866924285889
2,100,,1.0,2.3151745796203613
3,10,,1.0,0.30085277557373047
3,25,,1.0,1.2045340538024902
3,40,,1.0,0.9632000923156738
3,55,,1.0,1.3062388896942139
3,70,,1.0,3.214050769805908
3,85,,1.0,1.9844105243682861
3,100,,1.0,2.277334690093994
4,10,,1.0,0.3002307415008545
4,25,,1.0,0.6261916160583496
4,40,,1.0,1.084364891052246
4,55,,1.0,1.3035333156585693
4,70,,1.0,1.6619319915771484
4,85,,1.0,1.9958748817443848
4,100,,1.0,2.3179898262023926
5,10,,1.0,0.5248928070068359
5,25,,1.0,0.6281425952911377
5,40,,1.0,0.9567587375640869
5,55,,1.0,1.3115644454956055
5,70,,1.0,1.6270265579223633
5,85,,1.0,1.9838666915893555
5,100,,1.0,2.2889628410339355
6,10,,1.0,0.2977869510650635
6,25,,1.0,0.6306273937225342
6,40,,1.0,1.097637414932251
6,55,,1.0,1.3072700500488281
6,70,,1.0,1.6493072509765625
6,85,,1.0,1.974445104598999
6,100,,1.0,2.3112332820892334
7,10,,1.0,1.1922297477722168
7,25,,1.0,1.1801948547363281
7,40,,1.0,0.9721453189849854
7,55,,1.0,1.306572675704956
7,70,,1.0,1.6412928104400635
7,85,,1.0,3.8520336151123047
7,100,,1.0,2.307274103164673
8,10,,1.0,0.9656071662902832
8,25,,1.0,0.6230647563934326
8,40,,1.0,2.8721909523010254
8,55,,1.0,1.305971622467041
8,70,,1.0,1.636962652206421
8,85,,1.0,5.752070188522339
8,100,,1.0,4.547596216201782
9,10,,1.0,0.2963688373565674
9,25,,1.0,0.6296286582946777
9,40,,1.0,0.9690015316009521
9,55,,1.0,1.3063569068908691
9,70,,1.0,3.162541151046753
9,85,,1.0,1.9451584815979004
9,100,,1.0,2.321661949157715
10,10,,1.0,1.2094252109527588
10,25,,1.0,0.6380901336669922
10,40,,1.0,1.0867094993591309
10,55,,1.0,2.53489351272583
10,70,,1.0,1.6476225852966309
10,85,,1.0,1.9900658130645752
10,100,,1.0,4.5578930377960205
11,10,,1.0,0.5242164134979248
11,25,,1.0,0.6271436214447021
11,40,,1.0,1.8589413166046143
11,55,,1.0,1.295435905456543
11,70,,1.0,1.6525650024414062
11,85,,1.0,1.9509775638580322
11,100,,1.0,2.3245158195495605
12,10,,1.0,0.30199313163757324
12,25,,1.0,0.6343915462493896
12,40,,1.0,1.094717025756836
12,55,,1.0,1.2969810962677002
12,70,,1.0,1.6455535888671875
12,85,,1.0,1.984175682067871
12,100,,1.0,2.311880588531494
13,10,,1.0,0.9739334583282471
13,25,,1.0,0.6363403797149658
13,40,,1.0,0.9581451416015625
13,55,,1.0,1.2850515842437744
13,70,,1.0,1.637430191040039
13,85,,1.0,1.9771502017974854
13,100,,1.0,2.3113362789154053
14,10,,1.0,0.2972707748413086
14,25,,1.0,0.635211706161499
14,40,,1.0,1.0989429950714111
14,55,,1.0,1.3111906051635742
14,70,,1.0,1.6466553211212158
14,85,,1.0,1.9564554691314697
14,100,,1.0,2.3252060413360596
15,10,,1.0,0.2979302406311035
15,25,,1.0,1.1922821998596191
15,40,,1.0,1.8547279834747314
15,55,,1.0,2.5354034900665283
15,70,,1.0,3.1868438720703125
15,85,,1.0,1.960899829864502
15,100,,1.0,2.3129870891571045
16,10,,1.0,0.3003268241882324
16,25,,1.0,0.6354291439056396
16,40,,1.0,1.0810792446136475
16,55,,1.0,1.3091137409210205
16,70,,1.0,1.647667646408081
16,85,,1.0,1.985344409942627
16,100,,1.0,4.545668125152588
17,10,,1.0,1.1951708793640137
17,25,,1.0,0.6319468021392822
17,40,,1.0,0.9675569534301758
17,55,,1.0,1.3008999824523926
17,70,,1.0,1.6226577758789062
17,85,,1.0,3.8678395748138428
17,100,,1.0,2.281968593597412
18,10,,1.0,0.2944211959838867
18,25,,1.0,1.1910254955291748
18,40,,1.0,1.0819518566131592
18,55,,1.0,1.3072319030761719
18,70,,1.0,1.6255285739898682
18,85,,1.0,1.9778201580047607
18,100,,1.0,2.309014320373535
19,10,,1.0,0.30026984214782715
19,25,,1.0,0.632667064666748
19,40,,1.0,1.8417518138885498
19,55,,1.0,1.3044235706329346
19,70,,1.0,1.643644094467163
19,85,,1.0,3.8452577590942383
19,100,,1.0,2.3046228885650635
20,10,,1.0,0.7520341873168945
20,25,,1.0,1.1856279373168945
20,40,,1.0,1.0977592468261719
20,55,,1.0,1.3082280158996582
20,70,,1.0,1.6439383029937744
20,85,,1.0,1.9782745838165283
20,100,,1.0,2.2751872539520264
21,10,,1.0,0.9710042476654053
21,25,,1.0,0.6268234252929688
21,40,,1.0,0.9688882827758789
21,55,,1.0,1.2875900268554688
21,70,,1.0,1.617870807647705
21,85,,1.0,1.9860002994537354
21,100,,1.0,2.3114523887634277
22,10,,1.0,0.2972395420074463
22,25,,1.0,0.6335155963897705
22,40,,1.0,1.093797206878662
22,55,,1.0,1.2955434322357178
22,70,,1.0,1.6463639736175537
22,85,,1.0,1.9865353107452393
22,100,,1.0,2.3031039237976074
23,10,,1.0,0.295072078704834
23,25,,1.0,0.635000467300415
23,40,,1.0,0.9561257362365723
23,55,,1.0,1.303870439529419
23,70,,1.0,1.639625072479248
23,85,,1.0,1.9797966480255127
23,100,,1.0,2.3196394443511963
24,10,,1.0,0.7502224445343018
24,25,,1.0,1.1984891891479492
24,40,,1.0,1.1043403148651123
24,55,,1.0,1.3092410564422607
24,70,,1.0,1.6503567695617676
24,85,,1.0,1.981776475906372
24,100,,1.0,2.311770439147949
25,10,,1.0,0.3008136749267578
25,25,,1.0,0.627056360244751
25,40,,1.0,0.9716520309448242
25,55,,1.0,1.3046796321868896
25,70,,1.0,1.6444244384765625
25,85,,1.0,1.9779057502746582
25,100,,1.0,2.307440757751465
26,10,,1.0,0.7453088760375977
26,25,,1.0,0.6361558437347412
26,40,,1.0,1.0885844230651855
26,55,,1.0,1.3139052391052246
26,70,,1.0,1.6434965133666992
26,85,,1.0,1.9438319206237793
26,100,,1.0,2.283616065979004
27,10,,1.0,0.7479829788208008
27,25,,1.0,0.6334524154663086
27,40,,1.0,0.9703850746154785
27,55,,1.0,1.3101210594177246
27,70,,1.0,1.6216869354248047
27,85,,1.0,1.9752976894378662
27,100,,1.0,2.31591796875
28,10,,1.0,0.7496671676635742
28,25,,1.0,0.6323800086975098
28,40,,1.0,1.0955572128295898
28,55,,1.0,1.3077666759490967
28,70,,1.0,1.6585099697113037
28,85,,1.0,1.9966404438018799
28,100,,1.0,2.280120849609375
29,10,,1.0,0.9765565395355225
29,25,,1.0,1.1931517124176025
29,40,,1.0,0.9720356464385986
29,55,,1.0,1.3110849857330322
29,70,,1.0,1.6439683437347412
29,85,,1.0,1.983755111694336
29,100,,1.0,2.3191545009613037
30,10,,1.0,1.198754072189331
30,25,,1.0,0.6279566287994385
30,40,,1.0,1.0990300178527832
30,55,,1.0,1.3087151050567627
30,70,,1.0,1.6222281455993652
30,85,,1.0,1.950446367263794
30,100,,1.0,2.3079912662506104
31,10,,1.0,0.5245518684387207
31,25,,1.0,1.748009204864502
31,40,,1.0,0.97525954246521
31,55,,1.0,1.3053936958312988
31,70,,1.0,1.6249372959136963
31,85,,1.0,1.9534645080566406
31,100,,1.0,2.3106210231781006
32,10,,1.0,0.2986774444580078
32,25,,1.0,0.6380739212036133
32,40,,1.0,1.1010043621063232
32,55,,1.0,2.5286004543304443
32,70,,1.0,1.6440234184265137
32,85,,1.0,1.9798524379730225
32,100,,1.0,2.3093459606170654
33,10,,1.0,0.5218336582183838
33,25,,1.0,0.6287345886230469
33,40,,1.0,0.9609007835388184
33,55,,1.0,3.755317449569702
33,70,,1.0,1.6463098526000977
33,85,,1.0,1.9750137329101562
33,100,,1.0,2.3098537921905518
34,10,,1.0,0.523693323135376
34,25,,1.0,1.756540060043335
34,40,,1.0,1.0993237495422363
34,55,,1.0,1.29439377784729
34,70,,1.0,3.1921122074127197
34,85,,1.0,1.966435432434082
34,100,,1.0,2.310774564743042
35,10,,1.0,0.3005521297454834
35,25,,1.0,0.6318445205688477
35,40,,1.0,1.8557665348052979
35,55,,1.0,1.3052539825439453
35,70,,1.0,1.6384382247924805
35,85,,1.0,1.9749479293823242
35,100,,1.0,2.311791181564331
36,10,,1.0,0.9686629772186279
36,25,,1.0,1.1943938732147217
36,40,,1.0,2.0028293132781982
36,55,,1.0,1.310551643371582
36,70,,1.0,1.6576037406921387
36,85,,1.0,1.9839520454406738
36,100,,1.0,2.3205745220184326
37,10,,1.0,1.4200701713562012
37,25,,1.0,1.1866490840911865
37,40,,1.0,0.9717974662780762
37,55,,1.0,1.3037586212158203
37,70,,1.0,1.6396305561065674
37,85,,1.0,1.990185022354126
37,100,,1.0,2.3211259841918945
38,10,,1.0,0.2973647117614746
38,25,,1.0,0.6378469467163086
38,40,,1.0,1.1028468608856201
38,55,,1.0,1.3138470649719238
38,70,,1.0,1.6317312717437744
38,85,,1.0,1.9840655326843262
38,100,,1.0,4.607024908065796
39,10,,1.0,0.2996025085449219
39,25,,1.0,1.203580617904663
39,40,,1.0,0.9657571315765381
39,55,,1.0,1.3110167980194092
39,70,,1.0,1.6509623527526855
39,85,,1.0,1.9514038562774658
39,100,,1.0,2.2954306602478027
40,10,,1.0,0.7456550598144531
40,25,,1.0,0.6334331035614014
40,40,,1.0,1.9730029106140137
40,55,,1.0,1.311121940612793
40,70,,1.0,1.6555678844451904
40,85,,1.0,1.9597246646881104
40,100,,1.0,2.3172175884246826
41,10,,1.0,0.30100154876708984
41,25,,1.0,1.1914358139038086
41,40,,1.0,0.9714944362640381
41,55,,1.0,2.5255260467529297
41,70,,1.0,1.6432039737701416
41,85,,1.0,1.9837350845336914
41,100,,1.0,2.333451747894287
42,10,,1.0,0.5235037803649902
42,25,,1.0,0.6358366012573242
42,40,,1.0,1.11155104637146
42,55,,1.0,1.5756404399871826
42,70,,1.0,2.158724546432495
42,85,,1.0,2.508171796798706
42,100,,1.0,2.3932299613952637
43,10,,1.0,1.0209887027740479
43,25,,1.0,0.6728589534759521
43,40,,1.0,0.997143030166626
43,55,,1.0,1.3444998264312744
43,70,,1.0,1.6312012672424316
43,85,,1.0,1.9987292289733887
43,100,,1.0,2.336092233657837
44,10,,1.0,0.3105947971343994
44,25,,1.0,0.6501355171203613
44,40,,1.0,1.1806795597076416
44,55,,1.0,1.3959846496582031
44,70,,1.0,1.7213611602783203
44,85,,1.0,2.02996826171875
44,100,,1.0,2.314762592315674
45,10,,1.0,0.5324869155883789
45,25,,1.0,0.6502013206481934
45,40,,1.0,1.004701852798462
45,55,,1.0,1.3317036628723145
45,70,,1.0,1.7051606178283691
45,85,,1.0,2.029866933822632
45,100,,1.0,2.3151636123657227
46,10,,1.0,0.7652840614318848
46,25,,1.0,0.6484959125518799
46,40,,1.0,1.179013729095459
46,55,,1.0,2.66196870803833
46,70,,1.0,1.7141211032867432
46,85,,1.0,1.9557955265045166
46,100,,1.0,2.336385726928711
47,10,,1.0,0.3151710033416748
47,25,,1.0,0.6579697132110596
47,40,,1.0,0.996819019317627
47,55,,1.0,1.3262920379638672
47,70,,1.0,1.648075819015503
47,85,,1.0,1.9847607612609863
47,100,,1.0,2.3267970085144043
48,10,,1.0,1.430321216583252
48,25,,1.0,0.6381070613861084
48,40,,1.0,1.1055247783660889
48,55,,1.0,1.3002092838287354
48,70,,1.0,1.647737741470337
48,85,,1.0,1.9669640064239502
48,100,,1.0,2.290083169937134
49,10,,1.0,0.2991311550140381
49,25,,1.0,0.6327974796295166
49,40,,1.0,0.9821732044219971
49,55,,1.0,1.3151240348815918
49,70,,1.0,1.645599365234375
49,85,,1.0,1.9836387634277344
49,100,,1.0,2.28012752532959
50,10,,1.0,1.1949055194854736
50,25,,1.0,0.6285591125488281
50,40,,1.0,1.1014399528503418
50,55,,1.0,1.3130404949188232
50,70,,1.0,1.6263957023620605
50,85,,1.0,1.986192226409912
50,100,,1.0,2.297440528869629
51,10,,1.0,0.30263304710388184
51,25,,1.0,1.1924946308135986
51,40,,1.0,0.9775245189666748
51,55,,1.0,1.3130078315734863
51,70,,1.0,3.2237558364868164
51,85,,1.0,2.0050880908966064
51,100,,1.0,2.343026876449585
52,10,,1.0,1.4300696849822998
52,25,,1.0,1.1909294128417969
52,40,,1.0,1.0960850715637207
52,55,,1.0,1.3133907318115234
52,70,,1.0,4.780919551849365
52,85,,1.0,1.9911551475524902
52,100,,1.0,2.3255326747894287
53,10,,1.0,0.5233657360076904
53,25,,1.0,0.6298503875732422
53,40,,1.0,0.9613792896270752
53,55,,1.0,1.3054940700531006
53,70,,1.0,1.6528048515319824
53,85,,1.0,1.988739252090454
53,100,,1.0,2.3260936737060547
54,10,,1.0,0.9793791770935059
54,25,,1.0,0.6300549507141113
54,40,,1.0,1.0938794612884521
54,55,,1.0,1.3173089027404785
54,70,,1.0,1.6494793891906738
54,85,,1.0,1.9832847118377686
54,100,,1.0,2.3179688453674316
55,10,,1.0,1.2047042846679688
55,25,,1.0,0.634760856628418
55,40,,1.0,0.9674191474914551
55,55,,1.0,1.3088831901550293
55,70,,1.0,1.6277835369110107
55,85,,1.0,1.9686784744262695
55,100,,1.0,2.3251523971557617
56,10,,1.0,0.526024580001831
56,25,,1.0,1.2002403736114502
56,40,,1.0,1.1139981746673584
56,55,,1.0,1.3311660289764404
56,70,,1.0,1.6529006958007812
56,85,,1.0,1.9942140579223633
56,100,,1.0,2.293067455291748
57,10,,1.0,0.9779443740844727
57,25,,1.0,0.6390461921691895
57,40,,1.0,0.9769587516784668
57,55,,1.0,1.3088068962097168
57,70,,1.0,3.1894032955169678
57,85,,1.0,1.9613630771636963
57,100,,1.0,2.2982311248779297
58,10,,1.0,0.7516629695892334
58,25,,1.0,1.2100579738616943
58,40,,1.0,2.004586696624756
58,55,,1.0,1.3140978813171387
58,70,,1.0,1.6522502899169922
58,85,,1.0,1.9666039943695068
58,100,,1.0,2.3224124908447266
59,10,,1.0,0.5222551822662354
59,25,,1.0,0.6274166107177734
59,40,,1.0,0.9834730625152588
59,55,,1.0,3.7879080772399902
59,70,,1.0,6.358177661895752
59,85,,1.0,1.9851775169372559
59,100,,1.0,2.327378511428833
60,10,,1.0,0.3000154495239258
60,25,,1.0,0.6332507133483887
60,40,,1.0,1.097240686416626
60,55,,1.0,1.3002870082855225
60,70,,1.0,1.6576595306396484
60,85,,1.0,1.9843485355377197
60,100,,1.0,2.327469825744629
61,10,,1.0,0.30161094665527344
61,25,,1.0,0.6357886791229248
61,40,,1.0,0.9768967628479004
61,55,,1.0,1.3003549575805664
61,70,,1.0,1.6536242961883545
61,85,,1.0,1.9920616149902344
61,100,,1.0,2.3341097831726074
62,10,,1.0,0.29842162132263184
62,25,,1.0,1.1996121406555176
62,40,,1.0,1.1028857231140137
62,55,,1.0,1.3110778331756592
62,70,,1.0,3.1736295223236084
62,85,,1.0,1.9943130016326904
62,100,,1.0,2.3201072216033936
63,10,,1.0,0.2996337413787842
63,25,,1.0,0.6384541988372803
63,40,,1.0,0.9604840278625488
63,55,,1.0,1.3094837665557861
63,70,,1.0,1.6314077377319336
63,85,,1.0,1.9883232116699219
63,100,,1.0,2.3187966346740723
64,10,,1.0,0.3009209632873535
64,25,,1.0,0.6409831047058105
64,40,,1.0,1.1041841506958008
64,55,,1.0,1.308060646057129
64,70,,1.0,1.6293940544128418
64,85,,1.0,1.9788670539855957
64,100,,1.0,2.321519613265991
65,10,,1.0,1.4216482639312744
65,25,,1.0,0.6305737495422363
65,40,,1.0,0.9701333045959473
65,55,,1.0,1.3109445571899414
65,70,,1.0,3.223649024963379
65,85,,1.0,1.9940252304077148
65,100,,1.0,2.3319926261901855
66,10,,1.0,0.3006417751312256
66,25,,1.0,0.6263928413391113
66,40,,1.0,1.0857257843017578
66,55,,1.0,1.3104910850524902
66,70,,1.0,1.643923282623291
66,85,,1.0,1.9891116619110107
66,100,,1.0,2.321784734725952
67,10,,1.0,0.5259552001953125
67,25,,1.0,0.6367647647857666
67,40,,1.0,0.9733309745788574
67,55,,1.0,1.32716703414917
67,70,,1.0,3.2566850185394287
67,85,,1.0,1.9967584609985352
67,100,,1.0,2.3200671672821045
68,10,,1.0,2.553189516067505
68,25,,1.0,1.200993299484253
68,40,,1.0,1.0847961902618408
68,55,,1.0,1.3187522888183594
68,70,,1.0,3.192007541656494
68,85,,1.0,1.96195387840271
68,100,,1.0,4.524832487106323
69,10,,1.0,1.4200201034545898
69,25,,1.0,1.1997230052947998
69,40,,1.0,0.9656593799591064
69,55,,1.0,1.3117618560791016
69,70,,1.0,1.6441140174865723
69,85,,1.0,1.9813356399536133
69,100,,1.0,2.318899393081665
70,10,,1.0,0.29781031608581543
70,25,,1.0,0.6301748752593994
70,40,,1.0,1.1016864776611328
70,55,,1.0,1.3079471588134766
70,70,,1.0,1.6424031257629395
70,85,,1.0,1.9603009223937988
70,100,,1.0,2.323233127593994
71,10,,1.0,0.5265352725982666
71,25,,1.0,0.6441659927368164
71,40,,1.0,0.9572045803070068
71,55,,1.0,1.3087761402130127
71,70,,1.0,1.6458995342254639
71,85,,1.0,1.9781546592712402
71,100,,1.0,2.2805137634277344
72,10,,1.0,0.7562174797058105
72,25,,1.0,0.6355001926422119
72,40,,1.0,1.1150527000427246
72,55,,1.0,1.3085222244262695
72,70,,1.0,1.6504909992218018
72,85,,1.0,1.9692842960357666
72,100,,1.0,2.3173131942749023
73,10,,1.0,0.5281074047088623
73,25,,1.0,0.6377413272857666
73,40,,1.0,0.9709324836730957
73,55,,1.0,1.3150012493133545
73,70,,1.0,1.6425671577453613
73,85,,1.0,1.9553720951080322
73,100,,1.0,2.275728702545166
74,10,,1.0,0.7525792121887207
74,25,,1.0,0.6278190612792969
74,40,,1.0,1.0958592891693115
74,55,,1.0,1.3046464920043945
74,70,,1.0,1.6440412998199463
74,85,,1.0,1.9838318824768066
74,100,,1.0,2.3126015663146973
75,10,,1.0,1.1988155841827393
75,25,,1.0,0.6232755184173584
75,40,,1.0,0.9684035778045654
75,55,,1.0,1.306727409362793
75,70,,1.0,1.65156888961792
75,85,,1.0,1.9979257583618164
75,100,,1.0,2.336625099182129
76,10,,1.0,0.3087785243988037
76,25,,1.0,0.6335470676422119
76,40,,1.0,1.0885272026062012
76,55,,1.0,1.295680284500122
76,70,,1.0,1.6436831951141357
76,85,,1.0,1.9735558032989502
76,100,,1.0,2.2675509452819824
77,10,,1.0,0.7477381229400635
77,25,,1.0,1.193178653717041
77,40,,1.0,0.965449333190918
77,55,,1.0,1.2990858554840088
77,70,,1.0,1.640388011932373
77,85,,1.0,1.951143503189087
77,100,,1.0,2.3070099353790283
78,10,,1.0,0.9694201946258545
78,25,,1.0,0.6342489719390869
78,40,,1.0,1.0803568363189697
78,55,,1.0,1.3016102313995361
78,70,,1.0,1.6207072734832764
78,85,,1.0,1.976646900177002
78,100,,1.0,2.308460235595703
79,10,,1.0,0.5250113010406494
79,25,,1.0,1.1942074298858643
79,40,,1.0,0.9700219631195068
79,55,,1.0,1.3065001964569092
79,70,,1.0,1.6557307243347168
79,85,,1.0,5.793184518814087
79,100,,1.0,2.2779815196990967
80,10,,1.0,2.0912868976593018
80,25,,1.0,1.1919963359832764
80,40,,1.0,1.0936341285705566
80,55,,1.0,1.3080213069915771
80,70,,1.0,3.193115711212158
80,85,,1.0,1.974520206451416
80,100,,1.0,2.3190557956695557
81,10,,1.0,3.8870294094085693
81,25,,1.0,0.6324498653411865
81,40,,1.0,0.9622147083282471
81,55,,1.0,1.3169901371002197
81,70,,1.0,1.6429650783538818
81,85,,1.0,1.98121976852417
81,100,,1.0,2.325333595275879
82,10,,1.0,0.746190071105957
82,25,,1.0,0.6292612552642822
82,40,,1.0,1.0851459503173828
82,55,,1.0,2.541853189468384
82,70,,1.0,1.6485812664031982
82,85,,1.0,1.9498300552368164
82,100,,1.0,2.3149640560150146
83,10,,1.0,0.5228784084320068
83,25,,1.0,0.6287100315093994
83,40,,1.0,0.9718058109283447
83,55,,1.0,1.3055551052093506
83,70,,1.0,1.648949146270752
83,85,,1.0,1.961350917816162
83,100,,1.0,2.3117759227752686
84,10,,1.0,0.30023193359375
84,25,,1.0,1.1792738437652588
84,40,,1.0,1.0818889141082764
84,55,,1.0,2.5471079349517822
84,70,,1.0,1.644364595413208
84,85,,1.0,1.979262113571167
84,100,,1.0,2.3188741207122803
85,10,,1.0,0.974581241607666
85,25,,1.0,0.6359148025512695
85,40,,1.0,0.9771373271942139
85,55,,1.0,1.2918188571929932
85,70,,1.0,1.6523609161376953
85,85,,1.0,1.9901487827301025
85,100,,1.0,2.3200838565826416
86,10,,1.0,0.7490096092224121
86,25,,1.0,0.6345205307006836
86,40,,1.0,1.0960407257080078
86,55,,1.0,1.3109278678894043
86,70,,1.0,1.6410973072052002
86,85,,1.0,3.87166428565979
86,100,,1.0,2.311479091644287
87,10,,1.0,0.979867696762085
87,25,,1.0,1.2021057605743408
87,40,,1.0,0.9753024578094482
87,55,,1.0,1.2856040000915527
87,70,,1.0,1.6436033248901367
87,85,,1.0,1.9508543014526367
87,100,,1.0,4.556100606918335
88,10,,1.0,0.971168041229248
88,25,,1.0,0.6249570846557617
88,40,,1.0,1.1009840965270996
88,55,,1.0,1.3106987476348877
88,70,,1.0,1.646104097366333
88,85,,1.0,1.9759891033172607
88,100,,1.0,2.3184545040130615
89,10,,1.0,2.3223824501037598
89,25,,1.0,0.6310520172119141
89,40,,1.0,0.9566571712493896
89,55,,1.0,1.3073456287384033
89,70,,1.0,1.6487061977386475
89,85,,1.0,1.9649758338928223
89,100,,1.0,2.3172059059143066
90,10,,1.0,0.5274636745452881
90,25,,1.0,2.33402681350708
90,40,,1.0,1.1048943996429443
90,55,,1.0,1.3091282844543457
90,70,,1.0,1.6276025772094727
90,85,,1.0,1.95989990234375
90,100,,1.0,2.2751624584198
91,10,,1.0,0.5243477821350098
91,25,,1.0,0.6396734714508057
91,40,,1.0,0.9799404144287109
91,55,,1.0,1.3061282634735107
91,70,,1.0,1.6248488426208496
91,85,,1.0,1.9448699951171875
91,100,,1.0,4.513485670089722
92,10,,1.0,0.2976348400115967
92,25,,1.0,0.626995325088501
92,40,,1.0,1.1123487949371338
92,55,,1.0,1.3072280883789062
92,70,,1.0,1.6585257053375244
92,85,,1.0,1.981902837753296
92,100,,1.0,2.3185882568359375
93,10,,1.0,1.6519770622253418
93,25,,1.0,1.1925373077392578
93,40,,1.0,0.9776132106781006
93,55,,1.0,1.288377046585083
93,70,,1.0,1.6179454326629639
93,85,,1.0,5.775498151779175
93,100,,1.0,2.3206584453582764
94,10,,1.0,1.2027168273925781
94,25,,1.0,0.6344187259674072
94,40,,1.0,1.0956578254699707
94,55,,1.0,1.3103337287902832
94,70,,1.0,1.651582956314087
94,85,,1.0,3.8969640731811523
94,100,,1.0,2.333071708679199
95,10,,1.0,1.6455981731414795
95,25,,1.0,0.6372437477111816
95,40,,1.0,0.9548788070678711
95,55,,1.0,1.3143510818481445
95,70,,1.0,1.643799066543579
95,85,,1.0,1.9759104251861572
95,100,,1.0,2.277923107147217
96,10,,1.0,1.4232454299926758
96,25,,1.0,1.1850435733795166
96,40,,1.0,1.086073398590088
96,55,,1.0,3.7538414001464844
96,70,,1.0,1.6468586921691895
96,85,,1.0,1.9815702438354492
96,100,,1.0,2.2757132053375244
97,10,,1.0,0.5252106189727783
97,25,,1.0,0.638077974319458
97,40,,1.0,0.9693610668182373
97,55,,1.0,1.293349266052246
97,70,,1.0,1.6440768241882324
97,85,,1.0,5.736448287963867
97,100,,1.0,2.3221302032470703
98,10,,1.0,0.30031800270080566
98,25,,1.0,1.1894311904907227
98,40,,1.0,1.0962483882904053
98,55,,1.0,1.3130669593811035
98,70,,1.0,3.1926703453063965
98,85,,1.0,1.9785652160644531
98,100,,1.0,2.3185110092163086
99,10,,1.0,1.2019133567810059
99,25,,1.0,0.6304364204406738
99,40,,1.0,0.9636163711547852
99,55,,1.0,1.3080151081085205
99,70,,1.0,1.6433751583099365
99,85,,1.0,1.976839542388916
99,100,,1.0,2.2955164909362793
100,10,,1.0,1.202101230621338
100,25,,1.0,0.6330580711364746
100,40,,1.0,1.0838735103607178
100,55,,1.0,1.3098852634429932
100,70,,1.0,1.6496875286102295
100,85,,1.0,2.0036444664001465
100,100,,1.0,2.319796323776245
101,10,,1.0,0.30185437202453613
101,25,,1.0,0.6277921199798584
101,40,,1.0,0.9621524810791016
101,55,,1.0,1.306051254272461
101,70,,1.0,1.6440038681030273
101,85,,1.0,1.976428747177124
101,100,,1.0,2.3294763565063477
102,10,,1.0,0.30104875564575195
102,25,,1.0,0.6366593837738037
102,40,,1.0,1.0977914333343506
102,55,,1.0,2.5396666526794434
102,70,,1.0,1.629359245300293
102,85,,1.0,1.9787826538085938
102,100,,1.0,2.3174571990966797
103,10,,1.0,0.9774813652038574
103,25,,1.0,0.6363210678100586
103,40,,1.0,0.9688115119934082
103,55,,1.0,1.3005290031433105
103,70,,1.0,1.6312172412872314
103,85,,1.0,1.9829964637756348
103,100,,1.0,2.319139242172241
104,10,,1.0,0.7485227584838867
104,25,,1.0,0.6291589736938477
104,40,,1.0,1.994375467300415
104,55,,1.0,1.311518669128418
104,70,,1.0,1.6308166980743408
104,85,,1.0,1.9806082248687744
104,100,,1.0,2.2858643531799316
105,10,,1.0,0.9725770950317383
105,25,,1.0,1.1899805068969727
105,40,,1.0,0.9726288318634033
105,55,,1.0,1.2916173934936523
105,70,,1.0,1.6555523872375488
105,85,,1.0,2.0007400512695312
105,100,,1.0,2.327963352203369
106,10,,1.0,0.3000667095184326
106,25,,1.0,1.195894718170166
106,40,,1.0,1.9964098930358887
106,55,,1.0,1.3002057075500488
106,70,,1.0,1.62587308883667
106,85,,1.0,1.983278512954712
106,100,,1.0,4.5244460105896
107,10,,1.0,0.30136752128601074
107,25,,1.0,0.6361305713653564
107,40,,1.0,0.9732191562652588
107,55,,1.0,1.2860877513885498
107,70,,1.0,1.6480796337127686
107,85,,1.0,1.9812612533569336
107,100,,1.0,4.546193838119507
108,10,,1.0,0.7557370662689209
108,25,,1.0,0.637639045715332
108,40,,1.0,1.0994131565093994
108,55,,1.0,1.315861701965332
108,70,,1.0,1.6585237979888916
108,85,,1.0,1.985565185546875
108,100,,1.0,2.2960638999938965
109,10,,1.0,1.2023515701293945
109,25,,1.0,0.6324307918548584
109,40,,1.0,1.8617076873779297
109,55,,1.0,1.2977242469787598
109,70,,1.0,3.211299180984497
109,85,,1.0,1.989156723022461
109,100,,1.0,2.2948896884918213
110,10,,1.0,1.4271385669708252
110,25,,1.0,0.6317610740661621
110,40,,1.0,1.097228765487671
110,55,,1.0,1.3148787021636963
110,70,,1.0,3.2247378826141357
110,85,,1.0,2.0059571266174316
110,100,,1.0,2.314657211303711
111,10,,1.0,0.5275166034698486
111,25,,1.0,0.6372566223144531
111,40,,1.0,0.9636216163635254
111,55,,1.0,1.3116440773010254
111,70,,1.0,1.6553599834442139
111,85,,1.0,1.9829692840576172
111,100,,1.0,2.310960531234741
112,10,,1.0,0.5282208919525146
112,25,,1.0,0.6311066150665283
112,40,,1.0,1.088421106338501
112,55,,1.0,1.305466651916504
112,70,,1.0,1.641007423400879
112,85,,1.0,1.9724280834197998
112,100,,1.0,2.284754514694214
113,10,,1.0,1.6604030132293701
113,25,,1.0,1.2011189460754395
113,40,,1.0,0.9727730751037598
113,55,,1.0,1.3095436096191406
113,70,,1.0,1.6153688430786133
113,85,,1.0,1.981494665145874
113,100,,1.0,2.3227484226226807
114,10,,1.0,0.30210304260253906
114,25,,1.0,0.6381325721740723
114,40,,1.0,1.1007766723632812
114,55,,1.0,2.5273044109344482
114,70,,1.0,1.6518723964691162
114,85,,1.0,1.9836301803588867
114,100,,1.0,4.499259948730469
115,10,,1.0,0.7481479644775391
115,25,,1.0,0.6360728740692139
115,40,,1.0,0.9690487384796143
115,55,,1.0,1.2909932136535645
115,70,,1.0,1.639333724975586
115,85,,1.0,1.9443881511688232
115,100,,1.0,2.31020188331604
116,10,,1.0,1.4245755672454834
116,25,,1.0,0.6234896183013916
116,40,,1.0,1.094792127609253
116,55,,1.0,1.3085358142852783
116,70,,1.0,1.6363022327423096
116,85,,1.0,1.9813175201416016
116,100,,1.0,2.3180315494537354
117,10,,1.0,0.3001718521118164
117,25,,1.0,1.1914904117584229
117,40,,1.0,0.9540376663208008
117,55,,1.0,1.2919371128082275
117,70,,1.0,1.6461193561553955
117,85,,1.0,1.952338457107544
117,100,,1.0,2.3186237812042236
118,10,,1.0,0.7453832626342773
118,25,,1.0,0.6335391998291016
118,40,,1.0,1.098883867263794
118,55,,1.0,1.308319091796875
118,70,,1.0,1.6156556606292725
118,85,,1.0,1.9804491996765137
118,100,,1.0,2.323188066482544
119,10,,1.0,0.52640700340271
119,25,,1.0,0.6298360824584961
119,40,,1.0,0.971989631652832
119,55,,1.0,1.2940514087677002
119,70,,1.0,3.2165067195892334
119,85,,1.0,1.9615757465362549
119,100,,1.0,2.288886785507202
120,10,,1.0,0.9733850955963135
120,25,,1.0,0.6345615386962891
120,40,,1.0,1.0865206718444824
120,55,,1.0,1.3052794933319092
120,70,,1.0,1.6507947444915771
120,85,,1.0,3.861083745956421
120,100,,1.0,2.331164836883545
121,10,,1.0,1.656355381011963
121,25,,1.0,0.6350111961364746
121,40,,1.0,0.9712903499603271
121,55,,1.0,1.3108487129211426
121,70,,1.0,1.642728567123413
121,85,,1.0,1.9631540775299072
121,100,,1.0,2.281557321548462
122,10,,1.0,0.7496213912963867
122,25,,1.0,1.2004551887512207
122,40,,1.0,1.1005587577819824
122,55,,1.0,1.2909884452819824
122,70,,1.0,1.6253442764282227
122,85,,1.0,1.9529926776885986
122,100,,1.0,2.2816216945648193
123,10,,1.0,0.30349159240722656
123,25,,1.0,0.6383616924285889
123,40,,1.0,0.976154088973999
123,55,,1.0,1.3175075054168701
123,70,,1.0,1.657322883605957
123,85,,1.0,1.9534709453582764
123,100,,1.0,2.318166732788086
124,10,,1.0,0.970130205154419
124,25,,1.0,0.6349990367889404
124,40,,1.0,2.0054147243499756
124,55,,1.0,1.3116834163665771
124,70,,1.0,1.646592140197754
124,85,,1.0,1.9843628406524658
124,100,,1.0,2.3182175159454346
125,10,,1.0,0.2995607852935791
125,25,,1.0,0.6341335773468018
125,40,,1.0,1.8456203937530518
125,55,,1.0,1.301208734512329
125,70,,1.0,3.2014129161834717
125,85,,1.0,1.99033784866333
125,100,,1.0,2.311984062194824
126,10,,1.0,0.977285623550415
126,25,,1.0,0.6327402591705322
126,40,,1.0,1.091886281967163
126,55,,1.0,2.5336005687713623
126,70,,1.0,1.650625228881836
126,85,,1.0,1.9866936206817627
126,100,,1.0,2.3212931156158447
127,10,,1.0,1.1931543350219727
127,25,,1.0,1.1886422634124756
127,40,,1.0,0.9700603485107422
127,55,,1.0,1.2847976684570312
127,70,,1.0,1.6191959381103516
127,85,,1.0,1.9827206134796143
127,100,,1.0,4.518674373626709
128,10,,1.0,0.7584571838378906
128,25,,1.0,0.6358420848846436
128,40,,1.0,2.006032943725586
128,55,,1.0,1.3175556659698486
128,70,,1.0,1.6211962699890137
128,85,,1.0,1.9781038761138916
128,100,,1.0,2.2787866592407227
129,10,,1.0,0.30336761474609375
129,25,,1.0,0.636322021484375
129,40,,1.0,0.9584770202636719
129,55,,1.0,1.311197280883789
129,70,,1.0,1.623044490814209
129,85,,1.0,1.9464092254638672
129,100,,1.0,2.318716287612915
130,10,,1.0,1.42472505569458
130,25,,1.0,1.1943225860595703
130,40,,1.0,1.095716953277588
130,55,,1.0,1.3067779541015625
130,70,,1.0,1.6444542407989502
130,85,,1.0,1.980123519897461
130,100,,1.0,2.3185131549835205
131,10,,1.0,0.2980358600616455
131,25,,1.0,0.6326074600219727
131,40,,1.0,0.9684736728668213
131,55,,1.0,2.5403201580047607
131,70,,1.0,1.6413333415985107
131,85,,1.0,1.9921503067016602
131,100,,1.0,2.312469482421875
132,10,,1.0,2.321638345718384
132,25,,1.0,0.6382677555084229
132,40,,1.0,1.0953400135040283
132,55,,1.0,1.289860486984253
132,70,,1.0,1.6461358070373535
132,85,,1.0,1.9828829765319824
132,100,,1.0,2.3136134147644043
133,10,,1.0,0.2969229221343994
133,25,,1.0,0.634335994720459
133,40,,1.0,1.8517212867736816
133,55,,1.0,1.3087854385375977
133,70,,1.0,1.6432888507843018
133,85,,1.0,1.9778320789337158
133,100,,1.0,2.315898895263672
134,10,,1.0,0.2996485233306885
134,25,,1.0,0.6281044483184814
134,40,,1.0,1.0979225635528564
134,55,,1.0,1.2859041690826416
134,70,,1.0,1.6234235763549805
134,85,,1.0,1.9788601398468018
134,100,,1.0,2.2754149436950684
135,10,,1.0,0.5235183238983154
135,25,,1.0,0.6325452327728271
135,40,,1.0,0.9663131237030029
135,55,,1.0,1.3062646389007568
135,70,,1.0,1.6183760166168213
135,85,,1.0,1.979715347290039
135,100,,1.0,2.3249425888061523
136,10,,1.0,0.296673059463501
136,25,,1.0,0.6353042125701904
136,40,,1.0,1.0872676372528076
136,55,,1.0,1.3051624298095703
136,70,,1.0,1.6366195678710938
136,85,,1.0,1.977424144744873
136,100,,1.0,2.3156299591064453
137,10,,1.0,0.5239846706390381
137,25,,1.0,0.6317436695098877
137,40,,1.0,0.9568407535552979
137,55,,1.0,1.3023486137390137
137,70,,1.0,1.6390488147735596
137,85,,1.0,1.9728477001190186
137,100,,1.0,2.3124256134033203
138,10,,1.0,0.9694840908050537
138,25,,1.0,0.6279318332672119
138,40,,1.0,1.0997645854949951
138,55,,1.0,1.3087291717529297
138,70,,1.0,4.746173620223999
138,85,,1.0,1.9561998844146729
138,100,,1.0,4.518036603927612
139,10,,1.0,1.869518518447876
139,25,,1.0,1.7534494400024414
139,40,,1.0,0.9605088233947754
139,55,,1.0,1.2885336875915527
139,70,,1.0,1.6361892223358154
139,85,,1.0,1.9398126602172852
139,100,,1.0,2.3070342540740967
140,10,,1.0,0.5262672901153564
140,25,,1.0,0.6325523853302002
140,40,,1.0,1.0963504314422607
140,55,,1.0,1.3122618198394775
140,70,,1.0,1.6249313354492188
140,85,,1.0,1.9517393112182617
140,100,,1.0,2.313183069229126
141,10,,1.0,0.7425017356872559
141,25,,1.0,0.6309747695922852
141,40,,1.0,0.9572217464447021
141,55,,1.0,1.2973530292510986
141,70,,1.0,1.619788408279419
141,85,,1.0,1.9717564582824707
141,100,,1.0,2.287213087081909
142,10,,1.0,0.29586052894592285
142,25,,1.0,0.6322648525238037
142,40,,1.0,1.0813024044036865
142,55,,1.0,1.3070170879364014
142,70,,1.0,1.6488077640533447
142,85,,1.0,1.9403977394104004
142,100,,1.0,2.3189239501953125
143,10,,1.0,0.5220935344696045
143,25,,1.0,0.6323506832122803
143,40,,1.0,0.9666011333465576
143,55,,1.0,1.3002266883850098
143,70,,1.0,1.609496831893921
143,85,,1.0,1.9670751094818115
143,100,,1.0,2.2836825847625732
144,10,,1.0,0.5199093818664551
144,25,,1.0,0.630232572555542
144,40,,1.0,1.0926306247711182
144,55,,1.0,2.5393590927124023
144,70,,1.0,1.6412315368652344
144,85,,1.0,1.9794020652770996
144,100,,1.0,2.315964698791504
145,10,,1.0,0.5227291584014893
145,25,,1.0,0.6333308219909668
145,40,,1.0,1.8620750904083252
145,55,,1.0,1.308805227279663
145,70,,1.0,1.6361567974090576
145,85,,1.0,1.9600138664245605
145,100,,1.0,2.323329210281372
146,10,,1.0,0.29827284812927246
146,25,,1.0,0.639972448348999
146,40,,1.0,1.0982325077056885
146,55,,1.0,1.2958247661590576
146,70,,1.0,1.6386620998382568
146,85,,1.0,1.9722142219543457
146,100,,1.0,2.309540271759033
147,10,,1.0,1.193281650543213
147,25,,1.0,0.6289777755737305
147,40,,1.0,0.96427321434021
147,55,,1.0,2.5194993019104004
147,70,,1.0,1.6444282531738281
147,85,,1.0,7.631326198577881
147,100,,1.0,6.7116546630859375
148,10,,1.0,0.5197579860687256
148,25,,1.0,0.633418083190918
148,40,,1.0,1.0922276973724365
148,55,,1.0,1.3036417961120605
148,70,,1.0,1.611947774887085
148,85,,1.0,1.9600510597229004
148,100,,1.0,2.310359239578247
149,10,,1.0,0.2965586185455322
149,25,,1.0,0.6295700073242188
149,40,,1.0,0.9535253047943115
149,55,,1.0,1.3129103183746338
149,70,,1.0,1.6252174377441406
149,85,,1.0,1.9854259490966797
149,100,,1.0,2.3277955055236816
150,10,,1.0,0.2980961799621582
150,25,,1.0,0.634890079498291
150,40,,1.0,1.0961987972259521
150,55,,1.0,1.2912847995758057
150,70,,1.0,1.6416313648223877
150,85,,1.0,1.9715855121612549
150,100,,1.0,2.3196797370910645
151,10,,1.0,0.7492170333862305
151,25,,1.0,1.193293809890747
151,40,,1.0,0.969346284866333
151,55,,1.0,1.3068115711212158
151,70,,1.0,1.6349153518676758
151,85,,1.0,1.969447374343872
151,100,,1.0,2.2815053462982178
152,10,,1.0,0.5194616317749023
152,25,,1.0,1.1981325149536133
152,40,,1.0,1.093461513519287
152,55,,1.0,1.309105396270752
152,70,,1.0,1.637284755706787
152,85,,1.0,1.986950159072876
152,100,,1.0,2.561417579650879
153,10,,1.0,0.5908613204956055
153,25,,1.0,2.4880051612854004
153,40,,1.0,1.0270740985870361
153,55,,1.0,1.3138597011566162
153,70,,1.0,1.606569528579712
153,85,,1.0,3.914480686187744
153,100,,1.0,2.3135602474212646
154,10,,1.0,0.31876659393310547
154,25,,1.0,0.6627099514007568
154,40,,1.0,1.180196762084961
154,55,,1.0,1.3735148906707764
154,70,,1.0,1.7106835842132568
154,85,,1.0,2.0202436447143555
154,100,,1.0,4.5246922969818115
155,10,,1.0,0.31002044677734375
155,25,,1.0,0.6428782939910889
155,40,,1.0,0.9910581111907959
155,55,,1.0,1.3249142169952393
155,70,,1.0,1.6684892177581787
155,85,,1.0,1.9819202423095703
155,100,,1.0,2.3317017555236816
156,10,,1.0,0.3137962818145752
156,25,,1.0,0.6486916542053223
156,40,,1.0,1.1523401737213135
156,55,,1.0,1.391106128692627
156,70,,1.0,1.7365589141845703
156,85,,1.0,1.969590425491333
156,100,,1.0,2.3420417308807373
157,10,,1.0,0.7629561424255371
157,25,,1.0,0.6484744548797607
157,40,,1.0,0.9855759143829346
157,55,,1.0,1.3205459117889404
157,70,,1.0,1.6302127838134766
157,85,,1.0,1.977217435836792
157,100,,1.0,2.2910704612731934
158,10,,1.0,0.7490553855895996
158,25,,1.0,0.6341683864593506
158,40,,1.0,1.086902141571045
158,55,,1.0,1.3088347911834717
158,70,,1.0,3.219283103942871
158,85,,1.0,1.9751787185668945
158,100,,1.0,2.316483736038208
159,10,,1.0,2.098496198654175
159,25,,1.0,1.7586023807525635
159,40,,1.0,1.8509695529937744
159,55,,1.0,1.3131191730499268
159,70,,1.0,1.6177968978881836
159,85,,1.0,1.9787499904632568
159,100,,1.0,2.3102359771728516
160,10,,1.0,1.1984283924102783
160,25,,1.0,0.6367442607879639
160,40,,1.0,1.1012680530548096
160,55,,1.0,1.2893073558807373
160,70,,1.0,1.6391165256500244
160,85,,1.0,1.9896941184997559
160,100,,1.0,2.318665027618408
161,10,,1.0,1.4209463596343994
161,25,,1.0,0.629364013671875
161,40,,1.0,0.9593806266784668
161,55,,1.0,2.5365076065063477
161,70,,1.0,1.6263697147369385
161,85,,1.0,5.785768508911133
161,100,,1.0,2.3207621574401855
162,10,,1.0,0.7511224746704102
162,25,,1.0,1.19881272315979
162,40,,1.0,1.0989189147949219
162,55,,1.0,1.3145053386688232
162,70,,1.0,1.6251728534698486
162,85,,1.0,1.9843475818634033
162,100,,1.0,2.3130719661712646
163,10,,1.0,1.654714822769165
163,25,,1.0,1.198648452758789
163,40,,1.0,1.8786952495574951
163,55,,1.0,1.3115301132202148
163,70,,1.0,1.6479277610778809
163,85,,1.0,1.9849610328674316
163,100,,1.0,2.321969509124756
164,10,,1.0,0.7438614368438721
164,25,,1.0,1.19450044631958
164,40,,1.0,1.1039707660675049
164,55,,1.0,1.3262569904327393
164,70,,1.0,1.6493606567382812
164,85,,1.0,1.9738867282867432
164,100,,1.0,2.31892466545105
165,10,,1.0,1.1990718841552734
165,25,,1.0,1.1903190612792969
165,40,,1.0,0.9699466228485107
165,55,,1.0,1.3209762573242188
165,70,,1.0,1.6638805866241455
165,85,,1.0,1.9916024208068848
165,100,,1.0,2.3223259449005127
166,10,,1.0,0.5251588821411133
166,25,,1.0,0.6341800689697266
166,40,,1.0,1.097226858139038
166,55,,1.0,1.2957422733306885
166,70,,1.0,3.1957712173461914
166,85,,1.0,3.8600785732269287
166,100,,1.0,2.323857069015503
167,10,,1.0,0.5194680690765381
167,25,,1.0,0.6294405460357666
167,40,,1.0,0.974290132522583
167,55,,1.0,2.504890203475952
167,70,,1.0,1.642890214920044
167,85,,1.0,1.9773004055023193
167,100,,1.0,2.312786340713501
168,10,,1.0,0.2981710433959961
168,25,,1.0,0.6320123672485352
168,40,,1.0,1.0815918445587158
168,55,,1.0,1.3050920963287354
168,70,,1.0,1.6164765357971191
168,85,,1.0,3.88643217086792
168,100,,1.0,2.30967378616333
169,10,,1.0,0.7450413703918457
169,25,,1.0,0.6356427669525146
169,40,,1.0,0.9701519012451172
169,55,,1.0,1.290454387664795
169,70,,1.0,1.6188139915466309
169,85,,1.0,1.9780476093292236
169,100,,1.0,2.3140385150909424
170,10,,1.0,0.5254230499267578
170,25,,1.0,0.6349432468414307
170,40,,1.0,1.0865745544433594
170,55,,1.0,1.3063743114471436
170,70,,1.0,1.652367353439331
170,85,,1.0,7.663041353225708
170,100,,1.0,2.3230948448181152
171,10,,1.0,0.7508060932159424
171,25,,1.0,0.6333870887756348
171,40,,1.0,0.9682633876800537
171,55,,1.0,1.311953067779541
171,70,,1.0,1.6391606330871582
171,85,,1.0,3.881269931793213
171,100,,1.0,2.279878616333008
172,10,,1.0,0.2980966567993164
172,25,,1.0,0.6277151107788086
172,40,,1.0,1.9917058944702148
172,55,,1.0,1.3075952529907227
172,70,,1.0,1.6195869445800781
172,85,,1.0,1.9738597869873047
172,100,,1.0,4.5324060916900635
173,10,,1.0,0.7477211952209473
173,25,,1.0,1.1844260692596436
173,40,,1.0,0.9680571556091309
173,55,,1.0,1.307847023010254
173,70,,1.0,1.647261142730713
173,85,,1.0,1.9653329849243164
173,100,,1.0,2.3244106769561768
174,10,,1.0,1.6498134136199951
174,25,,1.0,0.6288423538208008
174,40,,1.0,1.0956130027770996
174,55,,1.0,2.5200035572052
174,70,,1.0,1.6474385261535645
174,85,,1.0,1.9888737201690674
174,100,,1.0,2.3145787715911865
175,10,,1.0,0.3001980781555176
175,25,,1.0,0.633270263671875
175,40,,1.0,0.9712796211242676
175,55,,1.0,1.3104825019836426
175,70,,1.0,1.6457438468933105
175,85,,1.0,1.95103120803833
175,100,,1.0,2.331937551498413
176,10,,1.0,0.750239372253418
176,25,,1.0,1.1953988075256348
176,40,,1.0,2.8863699436187744
176,55,,1.0,1.3221514225006104
176,70,,1.0,1.6283667087554932
176,85,,1.0,1.9854419231414795
176,100,,1.0,2.3172194957733154
177,10,,1.0,0.5243692398071289
177,25,,1.0,0.6409921646118164
177,40,,1.0,0.9837894439697266
177,55,,1.0,1.3224594593048096
177,70,,1.0,1.6396369934082031
177,85,,1.0,1.9822003841400146
177,100,,1.0,2.325148820877075
178,10,,1.0,0.5253229141235352
178,25,,1.0,0.6284515857696533
178,40,,1.0,1.0933246612548828
178,55,,1.0,1.3039898872375488
178,70,,1.0,3.215665340423584
178,85,,1.0,1.9628188610076904
178,100,,1.0,2.3211772441864014
179,10,,1.0,0.5235064029693604
179,25,,1.0,0.6361520290374756
179,40,,1.0,1.8922102451324463
179,55,,1.0,1.3251841068267822
179,70,,1.0,1.662820816040039
179,85,,1.0,1.9993007183074951
179,100,,1.0,2.2825329303741455
180,10,,1.0,2.332686424255371
180,25,,1.0,0.6398930549621582
180,40,,1.0,1.0972743034362793
180,55,,1.0,1.3124208450317383
180,70,,1.0,1.6418089866638184
180,85,,1.0,1.981349229812622
180,100,,1.0,2.3256027698516846
181,10,,1.0,0.7532403469085693
181,25,,1.0,1.1943540573120117
181,40,,1.0,0.9608838558197021
181,55,,1.0,3.7750813961029053
181,70,,1.0,1.656275749206543
181,85,,1.0,1.9889061450958252
181,100,,1.0,2.314983367919922
182,10,,1.0,0.5252416133880615
182,25,,1.0,0.6256799697875977
182,40,,1.0,1.1013495922088623
182,55,,1.0,1.3181798458099365
182,70,,1.0,1.6500344276428223
182,85,,1.0,1.9822099208831787
182,100,,1.0,2.293438673019409
183,10,,1.0,0.5242364406585693
183,25,,1.0,0.6244721412658691
183,40,,1.0,0.9757511615753174
183,55,,1.0,1.3106491565704346
183,70,,1.0,1.6587088108062744
183,85,,1.0,1.9775214195251465
183,100,,1.0,2.3096964359283447
184,10,,1.0,0.2955653667449951
184,25,,1.0,1.1975350379943848
184,40,,1.0,1.0857353210449219
184,55,,1.0,2.5272626876831055
184,70,,1.0,1.6447908878326416
184,85,,1.0,1.9817850589752197
184,100,,1.0,2.320775032043457
185,10,,1.0,0.2978367805480957
185,25,,1.0,1.1830403804779053
185,40,,1.0,0.9586384296417236
185,55,,1.0,1.3076732158660889
185,70,,1.0,1.6653454303741455
185,85,,1.0,2.001894235610962
185,100,,1.0,2.340141773223877
186,10,,1.0,0.9808356761932373
186,25,,1.0,0.6305289268493652
186,40,,1.0,1.087540864944458
186,55,,1.0,1.307981252670288
186,70,,1.0,1.6499810218811035
186,85,,1.0,1.9900827407836914
186,100,,1.0,2.335728406906128
187,10,,1.0,0.7547571659088135
187,25,,1.0,0.6334476470947266
187,40,,1.0,0.9653046131134033
187,55,,1.0,1.3001363277435303
187,70,,1.0,1.6506099700927734
187,85,,1.0,1.9890356063842773
187,100,,1.0,2.325258255004883
188,10,,1.0,0.5261461734771729
188,25,,1.0,1.2032265663146973
188,40,,1.0,1.0994911193847656
188,55,,1.0,1.316800832748413
188,70,,1.0,1.6279499530792236
188,85,,1.0,1.9900193214416504
188,100,,1.0,4.527630567550659
189,10,,1.0,0.30078625679016113
189,25,,1.0,0.6291813850402832
189,40,,1.0,0.9746148586273193
189,55,,1.0,1.3132240772247314
189,70,,1.0,1.6477317810058594
189,85,,1.0,3.8714232444763184
189,100,,1.0,2.330380916595459
190,10,,1.0,0.7500226497650146
190,25,,1.0,0.6403763294219971
190,40,,1.0,1.997452735900879
190,55,,1.0,1.3168907165527344
190,70,,1.0,1.6535429954528809
190,85,,1.0,1.9949543476104736
190,100,,1.0,2.2887094020843506
191,10,,1.0,0.5259432792663574
191,25,,1.0,0.6270403861999512
191,40,,1.0,0.9746909141540527
191,55,,1.0,1.2896549701690674
191,70,,1.0,1.6492207050323486
191,85,,1.0,1.9647374153137207
191,100,,1.0,2.286893129348755
192,10,,1.0,0.7521531581878662
192,25,,1.0,0.6391277313232422
192,40,,1.0,1.0951011180877686
192,55,,1.0,1.3122591972351074
192,70,,1.0,3.199148178100586
192,85,,1.0,1.9592373371124268
192,100,,1.0,2.327723264694214
193,10,,1.0,0.7518384456634521
193,25,,1.0,0.6243977546691895
193,40,,1.0,0.9652962684631348
193,55,,1.0,1.2953414916992188
193,70,,1.0,1.6197741031646729
193,85,,1.0,1.982950210571289
193,100,,1.0,2.296165704727173
194,10,,1.0,0.9694795608520508
194,25,,1.0,0.6343367099761963
194,40,,1.0,1.0963623523712158
194,55,,1.0,1.3088586330413818
194,70,,1.0,1.641923427581787
194,85,,1.0,1.973154067993164
194,100,,1.0,2.314173698425293
195,10,,1.0,0.29588961601257324
195,25,,1.0,0.631171464920044
195,40,,1.0,0.9587574005126953
195,55,,1.0,2.547938823699951
195,70,,1.0,1.6500508785247803
195,85,,1.0,1.9643011093139648
195,100,,1.0,2.2979986667633057
196,10,,1.0,0.5167121887207031
196,25,,1.0,0.6330368518829346
196,40,,1.0,1.0838768482208252
196,55,,1.0,1.3110663890838623
196,70,,1.0,1.630573034286499
196,85,,1.0,2.0096263885498047
196,100,,1.0,2.3387606143951416
197,10,,1.0,0.9801440238952637
197,25,,1.0,0.6426587104797363
197,40,,1.0,0.9827115535736084
197,55,,1.0,1.293308973312378
197,70,,1.0,1.6160674095153809
197,85,,1.0,1.9803481101989746
197,100,,1.0,2.322280168533325
198,10,,1.0,0.7453382015228271
198,25,,1.0,0.6357467174530029
198,40,,1.0,1.0958666801452637
198,55,,1.0,1.3086433410644531
198,70,,1.0,1.6455416679382324
198,85,,1.0,1.9566900730133057
198,100,,1.0,2.328303098678589
199,10,,1.0,0.5163636207580566
199,25,,1.0,0.6260714530944824
199,40,,1.0,0.9641706943511963
199,55,,1.0,1.3008828163146973
199,70,,1.0,1.6523962020874023
199,85,,1.0,1.9520151615142822
199,100,,1.0,4.572802305221558
