fold,steps,mae_no_exit,validity_no_exit,execution_time_sec,mae_early_exit,validity_early_exit
0,10,,1.0,2.3126702308654785,,
0,25,,1.0,0.773695707321167,,
0,40,,1.0,2.235247135162353,,
0,55,,1.0,1.751392126083374,,
0,70,,1.0,1.9606683254241943,,
0,85,,1.0,2.3421905040740967,,
0,100,,1.0,2.771217107772827,,
1,10,,1.0,0.3498563766479492,,
1,25,,1.0,1.4268372058868408,,
1,40,,1.0,1.1382591724395752,,
1,55,,1.0,1.5601868629455566,,
1,70,,1.0,1.9748528003692627,,
1,85,,1.0,2.391780376434326,,
1,100,,1.0,2.796661615371704,,
2,10,,1.0,0.3531494140625,,
2,25,,1.0,0.7540469169616699,,
2,40,,1.0,1.3498632907867432,,
2,55,,1.0,1.5458056926727295,,
2,70,,1.0,1.9658265113830569,,
2,85,,1.0,2.31610107421875,,
2,100,,1.0,2.7467129230499268,,
3,10,,1.0,1.414437770843506,,
3,25,,1.0,1.417173147201538,,
3,40,,1.0,1.1370913982391355,,
3,55,,1.0,1.551191806793213,,
3,70,,1.0,1.921359062194824,,
3,85,,1.0,2.3364717960357666,,
3,100,,1.0,2.74363374710083,,
4,10,,1.0,0.3458831310272217,,
4,25,,1.0,2.05810284614563,,
4,40,,1.0,2.399632453918457,,
4,55,,1.0,3.000149726867676,,
4,70,,1.0,1.9454808235168457,,
4,85,,1.0,2.324568033218384,,
4,100,,1.0,2.754583835601806,,
5,10,,1.0,0.347733736038208,,
5,25,,1.0,0.7387590408325195,,
5,40,,1.0,1.1439859867095947,,
5,55,,1.0,4.474372386932373,,
5,70,,1.0,1.9453716278076167,,
5,85,,1.0,2.3469200134277344,,
5,100,,1.0,2.7373406887054443,,
6,10,,1.0,2.2199323177337646,,
6,25,,1.0,1.4106996059417725,,
6,40,,1.0,1.3267838954925537,,
6,55,,1.0,1.5561342239379885,,
6,70,,1.0,1.954553842544556,,
6,85,,1.0,4.605340003967285,,
6,100,,1.0,2.740158796310425,,
7,10,,1.0,1.946276426315308,,
7,25,,1.0,0.7373592853546143,,
7,40,,1.0,1.1308424472808838,,
7,55,,1.0,1.5220823287963867,,
7,70,,1.0,1.923762559890747,,
7,85,,1.0,2.340575933456421,,
7,100,,1.0,2.7472288608551025,,
8,10,,1.0,1.950566291809082,,
8,25,,1.0,0.7450582981109619,,
8,40,,1.0,1.3267145156860352,,
8,55,,1.0,1.543764352798462,,
8,70,,1.0,1.939795017242432,,
8,85,,1.0,6.875915765762329,,
8,100,,1.0,2.7151331901550293,,
9,10,,1.0,3.814341545104981,,
9,25,,1.0,0.7475759983062744,,
9,40,,1.0,2.195727586746216,,
9,55,,1.0,1.542966604232788,,
9,70,,1.0,1.9285807609558103,,
9,85,,1.0,2.3384876251220703,,
9,100,,1.0,2.738839864730835,,
10,10,,1.0,0.6120069026947021,,
10,25,,1.0,0.7434883117675781,,
10,40,,1.0,1.3254084587097168,,
10,55,,1.0,1.546565055847168,,
10,70,,1.0,1.947059631347656,,
10,85,,1.0,6.851890802383423,,
10,100,,1.0,2.742583751678467,,
11,10,,1.0,1.1387989521026611,,
11,25,,1.0,2.070448398590088,,
11,40,,1.0,1.146977424621582,,
11,55,,1.0,1.5237388610839844,,
11,70,,1.0,1.941951036453247,,
11,85,,1.0,2.319502592086792,,
11,100,,1.0,2.7210841178894043,,
12,10,,1.0,0.3497557640075683,,
12,25,,1.0,2.7423789501190186,,
12,40,,1.0,1.3329594135284424,,
12,55,,1.0,1.52978515625,,
12,70,,1.0,3.802721738815308,,
12,85,,1.0,2.3172478675842285,,
12,100,,1.0,5.390156030654907,,
13,10,,1.0,0.349588394165039,,
13,25,,1.0,0.7448194026947021,,
13,40,,1.0,1.1507699489593506,,
13,55,,1.0,3.018059253692627,,
13,70,,1.0,3.779897689819336,,
13,85,,1.0,4.561657905578613,,
13,100,,1.0,2.743422746658325,,
14,10,,1.0,0.6169030666351318,,
14,25,,1.0,0.7448141574859619,,
14,40,,1.0,5.5891273021698,,
14,55,,1.0,1.535839319229126,,
14,70,,1.0,1.9457623958587649,,
14,85,,1.0,4.615377187728882,,
14,100,,1.0,2.749969959259033,,
15,10,,1.0,0.3477017879486084,,
15,25,,1.0,2.07649564743042,,
15,40,,1.0,1.1471819877624512,,
15,55,,1.0,1.543808937072754,,
15,70,,1.0,1.93914008140564,,
15,85,,1.0,2.3254740238189697,,
15,100,,1.0,2.743414163589477,,
16,10,,1.0,0.6127190589904785,,
16,25,,1.0,0.7398366928100586,,
16,40,,1.0,1.3178658485412598,,
16,55,,1.0,3.002807140350342,,
16,70,,1.0,1.9240171909332275,,
16,85,,1.0,2.337702751159668,,
16,100,,1.0,2.7177228927612305,,
17,10,,1.0,0.346231460571289,,
17,25,,1.0,1.40216326713562,,
17,40,,1.0,1.1458044052124023,,
17,55,,1.0,3.000217914581299,,
17,70,,1.0,1.925471544265747,,
17,85,,1.0,6.8460893630981445,,
17,100,,1.0,2.7544541358947754,,
18,10,,1.0,0.8882670402526855,,
18,25,,1.0,0.7442693710327148,,
18,40,,1.0,1.3156542778015137,,
18,55,,1.0,3.010301351547241,,
18,70,,1.0,1.9419119358062744,,
18,85,,1.0,2.3428876399993896,,
18,100,,1.0,2.711109399795532,,
19,10,,1.0,0.3497273921966553,,
19,25,,1.0,0.7403814792633057,,
19,40,,1.0,1.1512160301208496,,
19,55,,1.0,1.5535879135131836,,
19,70,,1.0,1.9560351371765137,,
19,85,,1.0,2.3481364250183105,,
19,100,,1.0,5.362469911575317,,
20,10,,1.0,0.6159148216247559,,
20,25,,1.0,0.7451627254486084,,
20,40,,1.0,2.39185643196106,,
20,55,,1.0,3.0009000301361084,,
20,70,,1.0,1.9455914497375488,,
20,85,,1.0,2.3194522857666016,,
20,100,,1.0,3.158217430114746,,
21,10,,1.0,2.2724435329437256,,
21,25,,1.0,0.7517392635345459,,
21,40,,1.0,1.1316664218902588,,
21,55,,1.0,1.536306858062744,,
21,70,,1.0,1.940061330795288,,
21,85,,1.0,4.602410316467285,,
21,100,,1.0,5.4117958545684814,,
22,10,,1.0,1.9552419185638428,,
22,25,,1.0,0.7489414215087891,,
22,40,,1.0,1.3326308727264404,,
22,55,,1.0,1.5542912483215332,,
22,70,,1.0,1.952969312667847,,
22,85,,1.0,4.618884325027466,,
22,100,,1.0,2.751101016998291,,
23,10,,1.0,0.8862583637237549,,
23,25,,1.0,0.7473649978637695,,
23,40,,1.0,1.1303558349609375,,
23,55,,1.0,3.0164802074432373,,
23,70,,1.0,1.9481909275054927,,
23,85,,1.0,2.3448309898376465,,
23,100,,1.0,5.416296720504761,,
24,10,,1.0,1.1540982723236084,,
24,25,,1.0,1.4166553020477295,,
24,40,,1.0,1.3361201286315918,,
24,55,,1.0,1.5516645908355713,,
24,70,,1.0,3.794026136398315,,
24,85,,1.0,4.65513277053833,,
24,100,,1.0,2.759000062942505,,
25,10,,1.0,0.3522922992706299,,
25,25,,1.0,0.7466578483581543,,
25,40,,1.0,1.1456177234649658,,
25,55,,1.0,1.5277564525604248,,
25,70,,1.0,1.9354839324951167,,
25,85,,1.0,4.586446523666382,,
25,100,,1.0,2.745809316635132,,
26,10,,1.0,0.6191129684448242,,
26,25,,1.0,2.079213380813598,,
26,40,,1.0,1.325534105300903,,
26,55,,1.0,1.5497398376464844,,
26,70,,1.0,3.8133606910705566,,
26,85,,1.0,4.6156041622161865,,
26,100,,1.0,2.753629446029663,,
27,10,,1.0,1.685702562332153,,
27,25,,1.0,0.7450523376464844,,
27,40,,1.0,2.2197587490081787,,
27,55,,1.0,1.54468035697937,,
27,70,,1.0,3.8198089599609375,,
27,85,,1.0,2.3209214210510254,,
27,100,,1.0,2.7513108253479004,,
28,10,,1.0,0.6191060543060303,,
28,25,,1.0,0.7410249710083008,,
28,40,,1.0,1.3362934589385986,,
28,55,,1.0,1.5500242710113523,,
28,70,,1.0,1.9454591274261477,,
28,85,,1.0,2.348549127578736,,
28,100,,1.0,2.744592666625977,,
29,10,,1.0,0.6149013042449951,,
29,25,,1.0,1.4116668701171875,,
29,40,,1.0,1.146496057510376,,
29,55,,1.0,1.535438060760498,,
29,70,,1.0,3.8136446475982666,,
29,85,,1.0,2.349644422531128,,
29,100,,1.0,2.746868133544922,,
30,10,,1.0,0.3500103950500488,,
30,25,,1.0,2.068434000015259,,
30,40,,1.0,1.383310317993164,,
30,55,,1.0,1.5439143180847168,,
30,70,,1.0,1.95477557182312,,
30,85,,1.0,2.344287395477295,,
30,100,,1.0,2.743276596069336,,
31,10,,1.0,1.9579839706420896,,
31,25,,1.0,0.7517786026000977,,
31,40,,1.0,2.213453531265259,,
31,55,,1.0,1.5448946952819824,,
31,70,,1.0,1.9437079429626465,,
31,85,,1.0,2.348437786102295,,
31,100,,1.0,2.750683546066284,,
32,10,,1.0,1.6916303634643557,,
32,25,,1.0,0.7483103275299072,,
32,40,,1.0,1.3324644565582275,,
32,55,,1.0,1.5453569889068604,,
32,70,,1.0,3.811223745346069,,
32,85,,1.0,4.614565134048462,,
32,100,,1.0,2.7489967346191406,,
33,10,,1.0,0.3474812507629394,,
33,25,,1.0,6.062878370285034,,
33,40,,1.0,2.206376552581787,,
33,55,,1.0,1.5454881191253662,,
33,70,,1.0,1.946669101715088,,
33,85,,1.0,2.3144948482513428,,
33,100,,1.0,2.7112603187561035,,
34,10,,1.0,2.759559154510498,,
34,25,,1.0,0.7488603591918945,,
34,40,,1.0,1.339224100112915,,
34,55,,1.0,1.548147439956665,,
34,70,,1.0,1.9513309001922607,,
34,85,,1.0,2.329505205154419,,
34,100,,1.0,2.741659641265869,,
35,10,,1.0,3.0318167209625244,,
35,25,,1.0,1.42179274559021,,
35,40,,1.0,1.134347438812256,,
35,55,,1.0,7.408117294311523,,
35,70,,1.0,1.952716827392578,,
35,85,,1.0,2.328516721725464,,
35,100,,1.0,2.7479939460754395,,
36,10,,1.0,0.6165008544921875,,
36,25,,1.0,0.7481334209442139,,
36,40,,1.0,3.469198942184448,,
36,55,,1.0,4.492966413497925,,
36,70,,1.0,1.947402000427246,,
36,85,,1.0,2.348691940307617,,
36,100,,1.0,2.7438557147979736,,
37,10,,1.0,1.156618595123291,,
37,25,,1.0,0.7427613735198975,,
37,40,,1.0,4.335385322570801,,
37,55,,1.0,1.5313622951507568,,
37,70,,1.0,1.945814847946167,,
37,85,,1.0,2.3541548252105717,,
37,100,,1.0,2.7495462894439697,,
38,10,,1.0,0.346560001373291,,
38,25,,1.0,0.7472131252288818,,
38,40,,1.0,2.39519476890564,,
38,55,,1.0,1.5331740379333496,,
38,70,,1.0,1.9510447978973389,,
38,85,,1.0,4.572000741958618,,
38,100,,1.0,2.748947858810425,,
39,10,,1.0,1.1596033573150637,,
39,25,,1.0,1.4136831760406494,,
39,40,,1.0,1.1465632915496826,,
39,55,,1.0,1.5261850357055664,,
39,70,,1.0,1.951903343200684,,
39,85,,1.0,2.369662046432495,,
39,100,,1.0,2.74764084815979,,
40,10,,1.0,3.567176103591919,,
40,25,,1.0,2.0903475284576416,,
40,40,,1.0,1.338712215423584,,
40,55,,1.0,3.0351243019104004,,
40,70,,1.0,1.958749532699585,,
40,85,,1.0,2.346972703933716,,
40,100,,1.0,2.74523401260376,,
41,10,,1.0,0.88427734375,,
41,25,,1.0,0.7470576763153076,,
41,40,,1.0,1.1270391941070557,,
41,55,,1.0,1.55261492729187,,
41,70,,1.0,1.9502265453338623,,
41,85,,1.0,2.335319995880127,,
41,100,,1.0,2.740909576416016,,
42,10,,1.0,0.3502156734466553,,
42,25,,1.0,0.7385210990905762,,
42,40,,1.0,3.510507583618164,,
42,55,,1.0,1.555328130722046,,
42,70,,1.0,1.9497613906860352,,
42,85,,1.0,2.317490577697754,,
42,100,,1.0,2.726726531982422,,
43,10,,1.0,0.8874251842498779,,
43,25,,1.0,1.3944547176361084,,
43,40,,1.0,1.1399731636047363,,
43,55,,1.0,1.5492260456085205,,
43,70,,1.0,1.949671030044556,,
43,85,,1.0,2.344832420349121,,
43,100,,1.0,2.749433994293213,,
44,10,,1.0,0.6183240413665771,,
44,25,,1.0,0.7478616237640381,,
44,40,,1.0,1.3299272060394287,,
44,55,,1.0,1.5489177703857422,,
44,70,,1.0,1.950111389160156,,
44,85,,1.0,2.3489136695861816,,
44,100,,1.0,2.748987913131714,,
45,10,,1.0,0.3500895500183105,,
45,25,,1.0,2.0682921409606934,,
45,40,,1.0,2.2093818187713623,,
45,55,,1.0,1.5484423637390137,,
45,70,,1.0,1.9297666549682615,,
45,85,,1.0,2.3542490005493164,,
45,100,,1.0,5.393687963485718,,
46,10,,1.0,1.1533925533294678,,
46,25,,1.0,0.7554283142089844,,
46,40,,1.0,1.3281495571136477,,
46,55,,1.0,1.5537049770355225,,
46,70,,1.0,1.9267895221710205,,
46,85,,1.0,4.627687931060791,,
46,100,,1.0,2.7554962635040283,,
47,10,,1.0,0.8915493488311768,,
47,25,,1.0,0.7502899169921875,,
47,40,,1.0,4.355500936508179,,
47,55,,1.0,1.5423150062561035,,
47,70,,1.0,1.956265211105347,,
47,85,,1.0,2.353964805603028,,
47,100,,1.0,2.710339307785034,,
48,10,,1.0,0.6122081279754639,,
48,25,,1.0,0.741854190826416,,
48,40,,1.0,1.3316168785095217,,
48,55,,1.0,1.5470912456512451,,
48,70,,1.0,1.9540135860443115,,
48,85,,1.0,2.35929536819458,,
48,100,,1.0,2.7546534538269043,,
49,10,,1.0,1.423938512802124,,
49,25,,1.0,1.4139997959136963,,
49,40,,1.0,3.2629411220550537,,
49,55,,1.0,1.5521113872528076,,
49,70,,1.0,1.958847999572754,,
49,85,,1.0,2.3230977058410645,,
49,100,,1.0,2.735962390899658,,
50,10,,1.0,0.8833954334259033,,
50,25,,1.0,0.7508885860443115,,
50,40,,1.0,2.406583547592163,,
50,55,,1.0,1.5548319816589355,,
50,70,,1.0,3.7968554496765137,,
50,85,,1.0,2.342235803604126,,
50,100,,1.0,2.7588138580322266,,
51,10,,1.0,0.3507530689239502,,
51,25,,1.0,0.7490694522857666,,
51,40,,1.0,1.1488001346588137,,
51,55,,1.0,1.551753282546997,,
51,70,,1.0,1.9526071548461916,,
51,85,,1.0,2.358062982559204,,
51,100,,1.0,2.7225794792175293,,
52,10,,1.0,0.3501954078674316,,
52,25,,1.0,1.4106733798980713,,
52,40,,1.0,2.406137466430664,,
52,55,,1.0,1.5504896640777588,,
52,70,,1.0,1.9390649795532229,,
52,85,,1.0,2.3228626251220703,,
52,100,,1.0,8.045050621032715,,
53,10,,1.0,2.2291760444641118,,
53,25,,1.0,0.7520556449890137,,
53,40,,1.0,1.148939847946167,,
53,55,,1.0,1.5521562099456787,,
53,70,,1.0,1.9519236087799072,,
53,85,,1.0,2.3488106727600098,,
53,100,,1.0,2.718202352523804,,
54,10,,1.0,0.349740982055664,,
54,25,,1.0,1.4063262939453125,,
54,40,,1.0,1.3376014232635498,,
54,55,,1.0,1.5501041412353516,,
54,70,,1.0,1.9389126300811768,,
54,85,,1.0,4.6267595291137695,,
54,100,,1.0,5.379966974258423,,
55,10,,1.0,0.8877012729644775,,
55,25,,1.0,1.4191572666168213,,
55,40,,1.0,1.1517488956451416,,
55,55,,1.0,3.0210494995117188,,
55,70,,1.0,1.951445817947388,,
55,85,,1.0,2.3534300327301025,,
55,100,,1.0,8.047370672225952,,
56,10,,1.0,0.890125036239624,,
56,25,,1.0,1.419652223587036,,
56,40,,1.0,1.327763557434082,,
56,55,,1.0,1.5514962673187256,,
56,70,,1.0,1.941635608673096,,
56,85,,1.0,2.357234477996826,,
56,100,,1.0,2.756467342376709,,
57,10,,1.0,0.8770966529846191,,
57,25,,1.0,0.7539248466491699,,
57,40,,1.0,1.151785373687744,,
57,55,,1.0,1.5677120685577393,,
57,70,,1.0,1.9491472244262693,,
57,85,,1.0,2.3617122173309326,,
57,100,,1.0,2.756791591644287,,
58,10,,1.0,0.8884024620056152,,
58,25,,1.0,2.0859971046447754,,
58,40,,1.0,1.3407330513000488,,
58,55,,1.0,4.483083248138428,,
58,70,,1.0,1.9641170501708984,,
58,85,,1.0,2.3337554931640625,,
58,100,,1.0,8.068989515304565,,
59,10,,1.0,0.6240582466125488,,
59,25,,1.0,0.7399702072143555,,
59,40,,1.0,2.2150022983551025,,
59,55,,1.0,1.5574212074279783,,
59,70,,1.0,2.241772174835205,,
59,85,,1.0,7.129639387130737,,
59,100,,1.0,2.760351657867432,,
60,10,,1.0,1.957446336746216,,
60,25,,1.0,0.7426130771636963,,
60,40,,1.0,1.387268304824829,,
60,55,,1.0,1.53600811958313,,
60,70,,1.0,1.93541955947876,,
60,85,,1.0,4.596627950668335,,
60,100,,1.0,5.41596794128418,,
61,10,,1.0,0.352144718170166,,
61,25,,1.0,0.7479476928710938,,
61,40,,1.0,1.1357293128967283,,
61,55,,1.0,1.5483744144439695,,
61,70,,1.0,1.9502804279327397,,
61,85,,1.0,2.3468687534332275,,
61,100,,1.0,2.735280036926269,,
62,10,,1.0,0.8866240978240967,,
62,25,,1.0,0.7478153705596924,,
62,40,,1.0,3.4614710807800293,,
62,55,,1.0,1.5533831119537354,,
62,70,,1.0,1.9521946907043457,,
62,85,,1.0,2.320502996444702,,
62,100,,1.0,5.405571937561035,,
63,10,,1.0,1.4307055473327637,,
63,25,,1.0,0.7441039085388184,,
63,40,,1.0,2.236172914505005,,
63,55,,1.0,1.5516958236694336,,
63,70,,1.0,1.93969202041626,,
63,85,,1.0,2.353621006011963,,
63,100,,1.0,2.751699209213257,,
64,10,,1.0,0.8900938034057617,,
64,25,,1.0,0.7489409446716309,,
64,40,,1.0,2.4090542793273926,,
64,55,,1.0,3.023071527481079,,
64,70,,1.0,1.9537429809570312,,
64,85,,1.0,2.3240082263946533,,
64,100,,1.0,2.749696016311645,,
65,10,,1.0,0.8849749565124512,,
65,25,,1.0,0.7490506172180176,,
65,40,,1.0,1.1471621990203855,,
65,55,,1.0,1.55018949508667,,
65,70,,1.0,1.9399497509002688,,
65,85,,1.0,2.354919672012329,,
65,100,,1.0,2.7516908645629883,,
66,10,,1.0,0.615673303604126,,
66,25,,1.0,2.0849180221557617,,
66,40,,1.0,3.484886407852173,,
66,55,,1.0,1.5418150424957275,,
66,70,,1.0,1.9629032611846924,,
66,85,,1.0,2.329827070236206,,
66,100,,1.0,2.7601099014282227,,
67,10,,1.0,0.8866565227508545,,
67,25,,1.0,0.7482304573059082,,
67,40,,1.0,1.1502740383148191,,
67,55,,1.0,1.5521025657653809,,
67,70,,1.0,1.9526386260986328,,
67,85,,1.0,2.35722017288208,,
67,100,,1.0,2.75170373916626,,
68,10,,1.0,0.3505520820617676,,
68,25,,1.0,0.7395632266998291,,
68,40,,1.0,1.3371975421905518,,
68,55,,1.0,1.5319478511810305,,
68,70,,1.0,1.947751522064209,,
68,85,,1.0,2.3177590370178223,,
68,100,,1.0,2.752170324325561,,
69,10,,1.0,1.6904377937316897,,
69,25,,1.0,3.4452803134918213,,
69,40,,1.0,3.279758930206299,,
69,55,,1.0,1.5395293235778809,,
69,70,,1.0,1.929438591003418,,
69,85,,1.0,4.597156047821045,,
69,100,,1.0,2.7546846866607666,,
70,10,,1.0,0.3527572154998779,,
70,25,,1.0,1.4214212894439695,,
70,40,,1.0,3.457770824432373,,
70,55,,1.0,1.5545692443847656,,
70,70,,1.0,1.9249441623687744,,
70,85,,1.0,2.3535971641540527,,
70,100,,1.0,2.752427101135254,,
71,10,,1.0,0.6196670532226562,,
71,25,,1.0,0.7428719997406006,,
71,40,,1.0,2.2201015949249268,,
71,55,,1.0,3.027292966842652,,
71,70,,1.0,1.956855297088623,,
71,85,,1.0,2.35696029663086,,
71,100,,1.0,2.772122621536255,,
72,10,,1.0,0.3517966270446777,,
72,25,,1.0,0.7427878379821777,,
72,40,,1.0,1.349897384643555,,
72,55,,1.0,3.025485038757324,,
72,70,,1.0,1.9274957180023196,,
72,85,,1.0,4.600742816925049,,
72,100,,1.0,2.7555391788482666,,
73,10,,1.0,0.6193115711212158,,
73,25,,1.0,0.7486379146575928,,
73,40,,1.0,1.140606164932251,,
73,55,,1.0,1.538225173950195,,
73,70,,1.0,1.9346683025360107,,
73,85,,1.0,2.345400333404541,,
73,100,,1.0,2.7275092601776123,,
74,10,,1.0,0.614060640335083,,
74,25,,1.0,0.7477352619171143,,
74,40,,1.0,1.3243141174316406,,
74,55,,1.0,1.5489518642425537,,
74,70,,1.0,1.9464764595031736,,
74,85,,1.0,2.350370407104492,,
74,100,,1.0,2.754512071609497,,
75,10,,1.0,0.6193928718566895,,
75,25,,1.0,3.439149856567383,,
75,40,,1.0,1.1532917022705078,,
75,55,,1.0,1.551567792892456,,
75,70,,1.0,1.9482762813568115,,
75,85,,1.0,4.630241394042969,,
75,100,,1.0,2.7607879638671875,,
76,10,,1.0,0.3497664928436279,,
76,25,,1.0,1.3885633945465088,,
76,40,,1.0,1.327073097229004,,
76,55,,1.0,1.5552144050598145,,
76,70,,1.0,3.81994891166687,,
76,85,,1.0,4.599165916442871,,
76,100,,1.0,2.7361576557159424,,
77,10,,1.0,0.3528978824615478,,
77,25,,1.0,0.7416326999664307,,
77,40,,1.0,1.1486921310424805,,
77,55,,1.0,2.986525535583496,,
77,70,,1.0,1.9232966899871824,,
77,85,,1.0,2.351019382476806,,
77,100,,1.0,2.763953924179077,,
78,10,,1.0,0.6163172721862793,,
78,25,,1.0,0.7516908645629883,,
78,40,,1.0,2.397099018096924,,
78,55,,1.0,1.5455214977264404,,
78,70,,1.0,1.9339983463287356,,
78,85,,1.0,6.887985467910767,,
78,100,,1.0,5.382254600524902,,
79,10,,1.0,0.3523252010345459,,
79,25,,1.0,0.7492861747741699,,
79,40,,1.0,1.154353141784668,,
79,55,,1.0,1.539458990097046,,
79,70,,1.0,1.9512732028961184,,
79,85,,1.0,2.3533055782318115,,
79,100,,1.0,2.7584445476531982,,
80,10,,1.0,0.8882277011871338,,
80,25,,1.0,0.7620975971221924,,
80,40,,1.0,1.3480610847473145,,
80,55,,1.0,3.0128061771392822,,
80,70,,1.0,1.9392361640930176,,
80,85,,1.0,2.3412442207336426,,
80,100,,1.0,5.435199737548828,,
81,10,,1.0,1.163529634475708,,
81,25,,1.0,0.7502236366271973,,
81,40,,1.0,1.1598730087280271,,
81,55,,1.0,1.5537889003753662,,
81,70,,1.0,1.955326795578003,,
81,85,,1.0,4.673655033111572,,
81,100,,1.0,2.7598392963409424,,
82,10,,1.0,0.3531062602996826,,
82,25,,1.0,0.7490804195404053,,
82,40,,1.0,1.347118616104126,,
82,55,,1.0,1.5503559112548828,,
82,70,,1.0,1.9378278255462649,,
82,85,,1.0,2.354800224304199,,
82,100,,1.0,2.75860857963562,,
83,10,,1.0,3.0360960960388184,,
83,25,,1.0,1.4169542789459229,,
83,40,,1.0,2.2239394187927246,,
83,55,,1.0,3.0245747566223145,,
83,70,,1.0,1.9523811340332031,,
83,85,,1.0,4.59684681892395,,
83,100,,1.0,2.756737232208252,,
84,10,,1.0,0.354419469833374,,
84,25,,1.0,0.7488698959350586,,
84,40,,1.0,3.4777321815490723,,
84,55,,1.0,1.553685188293457,,
84,70,,1.0,1.9361324310302732,,
84,85,,1.0,2.356151819229126,,
84,100,,1.0,2.7522549629211426,,
85,10,,1.0,0.3506524562835693,,
85,25,,1.0,0.7485291957855225,,
85,40,,1.0,2.2227988243103027,,
85,55,,1.0,1.5424578189849854,,
85,70,,1.0,1.968956708908081,,
85,85,,1.0,2.3735156059265137,,
85,100,,1.0,2.7587835788726807,,
86,10,,1.0,1.712538242340088,,
86,25,,1.0,0.7480521202087402,,
86,40,,1.0,1.3552634716033936,,
86,55,,1.0,1.5694129467010498,,
86,70,,1.0,1.9743499755859373,,
86,85,,1.0,2.3738832473754883,,
86,100,,1.0,8.058934211730957,,
87,10,,1.0,1.1504740715026855,,
87,25,,1.0,1.418102741241455,,
87,40,,1.0,1.151656150817871,,
87,55,,1.0,1.5497729778289795,,
87,70,,1.0,1.945976734161377,,
87,85,,1.0,2.374841451644897,,
87,100,,1.0,5.480054140090942,,
88,10,,1.0,1.7111387252807615,,
88,25,,1.0,1.4195010662078855,,
88,40,,1.0,2.410842180252075,,
88,55,,1.0,1.5383999347686768,,
88,70,,1.0,1.9538569450378416,,
88,85,,1.0,4.591349124908447,,
88,100,,1.0,2.752967596054077,,
89,10,,1.0,0.6213047504425049,,
89,25,,1.0,0.7480120658874512,,
89,40,,1.0,1.146414279937744,,
89,55,,1.0,1.5473308563232422,,
89,70,,1.0,1.9460079669952397,,
89,85,,1.0,2.344628095626831,,
89,100,,1.0,2.7415332794189453,,
90,10,,1.0,0.8877964019775391,,
90,25,,1.0,0.7365431785583496,,
90,40,,1.0,1.3339004516601562,,
90,55,,1.0,1.5497689247131348,,
90,70,,1.0,1.9472033977508545,,
90,85,,1.0,2.326535224914551,,
90,100,,1.0,2.714328527450561,,
91,10,,1.0,2.494821310043335,,
91,25,,1.0,0.7467103004455566,,
91,40,,1.0,1.1488099098205566,,
91,55,,1.0,1.5500357151031494,,
91,70,,1.0,1.9650776386260984,,
91,85,,1.0,2.38555121421814,,
91,100,,1.0,5.517016410827637,,
92,10,,1.0,0.6327528953552246,,
92,25,,1.0,0.7576911449432373,,
92,40,,1.0,3.05398941040039,,
92,55,,1.0,1.379560947418213,,
92,70,,1.0,1.981759786605835,,
92,85,,1.0,4.67852783203125,,
92,100,,1.0,5.447815418243408,,
93,10,,1.0,0.8981521129608154,,
93,25,,1.0,0.7557196617126465,,
93,40,,1.0,1.1603834629058838,,
93,55,,1.0,1.5763521194458008,,
93,70,,1.0,3.875504732131958,,
93,85,,1.0,2.3877065181732178,,
93,100,,1.0,2.7805838584899902,,
94,10,,1.0,1.16489577293396,,
94,25,,1.0,1.4373178482055664,,
94,40,,1.0,1.3434183597564695,,
94,55,,1.0,1.574061632156372,,
94,70,,1.0,3.862411975860596,,
94,85,,1.0,2.385637044906616,,
94,100,,1.0,2.7632651329040527,,
95,10,,1.0,0.6277909278869629,,
95,25,,1.0,0.7582433223724365,,
95,40,,1.0,1.1670331954956057,,
95,55,,1.0,1.5621678829193115,,
95,70,,1.0,1.9587790966033936,,
95,85,,1.0,4.689088106155396,,
95,100,,1.0,2.784463167190552,,
96,10,,1.0,0.3530466556549072,,
96,25,,1.0,0.7556304931640625,,
96,40,,1.0,1.335984706878662,,
96,55,,1.0,3.0614359378814697,,
96,70,,1.0,5.755890369415283,,
96,85,,1.0,2.3712432384490967,,
96,100,,1.0,5.47292160987854,,
97,10,,1.0,0.3594803810119629,,
97,25,,1.0,0.7576498985290527,,
97,40,,1.0,1.1616878509521484,,
97,55,,1.0,1.5659148693084717,,
97,70,,1.0,1.9751818180084229,,
97,85,,1.0,2.363571882247925,,
97,100,,1.0,2.7543632984161377,,
98,10,,1.0,0.8996837139129639,,
98,25,,1.0,2.1013224124908447,,
98,40,,1.0,2.434495449066162,,
98,55,,1.0,1.5700275897979736,,
98,70,,1.0,1.9535534381866453,,
98,85,,1.0,4.67522120475769,,
98,100,,1.0,2.7621779441833496,,
99,10,,1.0,0.3555042743682861,,
99,25,,1.0,0.7609875202178955,,
99,40,,1.0,1.1652929782867432,,
99,55,,1.0,3.057929754257202,,
99,70,,1.0,1.9757592678070068,,
99,85,,1.0,2.379417181015014,,
99,100,,1.0,2.7779810428619385,,
100,10,,1.0,0.3523507118225097,,
100,25,,1.0,1.4333252906799316,,
100,40,,1.0,4.596733093261719,,
100,55,,1.0,1.5724050998687744,,
100,70,,1.0,3.8721728324890137,,
100,85,,1.0,2.362186908721924,,
100,100,,1.0,2.7922613620758057,,
101,10,,1.0,0.3556535243988037,,
101,25,,1.0,1.435856580734253,,
101,40,,1.0,1.1674394607543943,,
101,55,,1.0,1.571396827697754,,
101,70,,1.0,1.9769580364227293,,
101,85,,1.0,2.37773871421814,,
101,100,,1.0,5.489525556564331,,
102,10,,1.0,1.174868106842041,,
102,25,,1.0,2.122987747192383,,
102,40,,1.0,3.529716730117798,,
102,55,,1.0,1.5631940364837646,,
102,70,,1.0,1.9776124954223635,,
102,85,,1.0,4.813648223876953,,
102,100,,1.0,2.7670340538024902,,
103,10,,1.0,0.6265313625335693,,
103,25,,1.0,0.7567672729492188,,
103,40,,1.0,2.2457735538482666,,
103,55,,1.0,1.5513544082641602,,
103,70,,1.0,1.973709344863892,,
103,85,,1.0,2.3782858848571777,,
103,100,,1.0,2.790404319763184,,
104,10,,1.0,2.530505418777466,,
104,25,,1.0,0.7599442005157471,,
104,40,,1.0,1.3587658405303955,,
104,55,,1.0,1.569849729537964,,
104,70,,1.0,1.977022409439087,,
104,85,,1.0,2.3839173316955566,,
104,100,,1.0,2.803097009658813,,
105,10,,1.0,0.359813928604126,,
105,25,,1.0,0.7666966915130615,,
105,40,,1.0,1.1819040775299072,,
105,55,,1.0,1.5922658443450928,,
105,70,,1.0,2.0154953002929688,,
105,85,,1.0,2.4288270473480225,,
105,100,,1.0,2.8482484817504883,,
106,10,,1.0,3.4144415855407715,,
106,25,,1.0,1.4736390113830566,,
106,40,,1.0,1.3876123428344729,,
106,55,,1.0,1.6115946769714355,,
106,70,,1.0,3.9919586181640634,,
106,85,,1.0,4.782374620437622,,
106,100,,1.0,2.847799777984619,,
107,10,,1.0,1.4744031429290771,,
107,25,,1.0,0.7761564254760742,,
107,40,,1.0,3.3760430812835693,,
107,55,,1.0,1.5831928253173828,,
107,70,,1.0,1.9740560054779053,,
107,85,,1.0,2.407609701156616,,
107,100,,1.0,2.801793336868286,,
108,10,,1.0,0.6305060386657715,,
108,25,,1.0,2.1171329021453857,,
108,40,,1.0,1.36664080619812,,
108,55,,1.0,1.5919482707977295,,
108,70,,1.0,1.9965455532073972,,
108,85,,1.0,2.385957717895508,,
108,100,,1.0,5.530853509902954,,
109,10,,1.0,1.4538087844848633,,
109,25,,1.0,0.7652828693389893,,
109,40,,1.0,3.3619043827056885,,
109,55,,1.0,3.074180126190185,,
109,70,,1.0,1.980703830718994,,
109,85,,1.0,2.391146659851074,,
109,100,,1.0,2.813071727752685,,
110,10,,1.0,0.3574557304382324,,
110,25,,1.0,2.135648488998413,,
110,40,,1.0,1.3595778942108154,,
110,55,,1.0,3.10133695602417,,
110,70,,1.0,1.9971632957458496,,
110,85,,1.0,2.406733512878418,,
110,100,,1.0,2.7971222400665283,,
111,10,,1.0,1.17911696434021,,
111,25,,1.0,1.4569685459136963,,
111,40,,1.0,1.1783735752105713,,
111,55,,1.0,6.07024621963501,,
111,70,,1.0,3.916839122772217,,
111,85,,1.0,2.387012720108032,,
111,100,,1.0,2.821417570114136,,
112,10,,1.0,0.6327154636383057,,
112,25,,1.0,2.12660813331604,,
112,40,,1.0,2.456922769546509,,
112,55,,1.0,4.60317850112915,,
112,70,,1.0,1.989530563354492,,
112,85,,1.0,2.409189224243164,,
112,100,,1.0,2.8047568798065186,,
113,10,,1.0,0.9092295169830322,,
113,25,,1.0,0.765192985534668,,
113,40,,1.0,1.1679470539093018,,
113,55,,1.0,1.5684351921081543,,
113,70,,1.0,1.9856860637664795,,
113,85,,1.0,2.413811445236206,,
113,100,,1.0,2.8236629962921143,,
114,10,,1.0,2.0192410945892334,,
114,25,,1.0,2.1430256366729736,,
114,40,,1.0,1.371886968612671,,
114,55,,1.0,1.585348129272461,,
114,70,,1.0,2.000462055206299,,
114,85,,1.0,2.4174258708953857,,
114,100,,1.0,2.8316824436187744,,
115,10,,1.0,0.6316454410552979,,
115,25,,1.0,1.4564812183380127,,
115,40,,1.0,1.1814744472503662,,
115,55,,1.0,3.09811806678772,,
115,70,,1.0,2.008807420730591,,
115,85,,1.0,2.4195635318756104,,
115,100,,1.0,2.8380746841430664,,
116,10,,1.0,0.3611166477203369,,
116,25,,1.0,1.454864501953125,,
116,40,,1.0,2.465251922607422,,
116,55,,1.0,1.578848361968994,,
116,70,,1.0,1.9841787815093996,,
116,85,,1.0,2.421452045440674,,
116,100,,1.0,2.856686353683472,,
117,10,,1.0,1.1936266422271729,,
117,25,,1.0,1.4510488510131836,,
117,40,,1.0,1.182011604309082,,
117,55,,1.0,1.5759036540985107,,
117,70,,1.0,5.830377101898193,,
117,85,,1.0,2.408282995223999,,
117,100,,1.0,2.8391659259796143,,
118,10,,1.0,1.7427492141723633,,
118,25,,1.0,0.7705261707305908,,
118,40,,1.0,5.748359441757202,,
118,55,,1.0,1.579145908355713,,
118,70,,1.0,2.003077983856201,,
118,85,,1.0,2.41731858253479,,
118,100,,1.0,2.8283350467681885,,
119,10,,1.0,0.6340861320495605,,
119,25,,1.0,1.4535133838653564,,
119,40,,1.0,3.376476287841797,,
119,55,,1.0,3.112191200256348,,
119,70,,1.0,1.9947762489318848,,
119,85,,1.0,2.4101901054382324,,
119,100,,1.0,5.556987524032593,,
120,10,,1.0,1.1863396167755127,,
120,25,,1.0,0.7698595523834229,,
120,40,,1.0,1.3657689094543457,,
120,55,,1.0,1.5928280353546145,,
120,70,,1.0,2.00691556930542,,
120,85,,1.0,4.748083829879761,,
120,100,,1.0,5.573898792266846,,
121,10,,1.0,0.3588566780090332,,
121,25,,1.0,0.767296314239502,,
121,40,,1.0,1.176567316055298,,
121,55,,1.0,1.580174684524536,,
121,70,,1.0,5.817625045776367,,
121,85,,1.0,2.4172167778015137,,
121,100,,1.0,2.798334836959839,,
122,10,,1.0,0.6316683292388916,,
122,25,,1.0,0.7570145130157471,,
122,40,,1.0,1.3609747886657717,,
122,55,,1.0,4.611706733703613,,
122,70,,1.0,2.0054821968078613,,
122,85,,1.0,2.412749767303467,,
122,100,,1.0,5.525489330291748,,
123,10,,1.0,0.6366336345672607,,
123,25,,1.0,1.459249496459961,,
123,40,,1.0,1.1708345413208008,,
123,55,,1.0,1.5767371654510498,,
123,70,,1.0,2.0142810344696045,,
123,85,,1.0,4.762414216995239,,
123,100,,1.0,2.794175148010254,,
124,10,,1.0,1.1789472103118896,,
124,25,,1.0,0.7682347297668457,,
124,40,,1.0,2.44907283782959,,
124,55,,1.0,1.5960030555725098,,
124,70,,1.0,2.008469581604004,,
124,85,,1.0,2.419665098190308,,
124,100,,1.0,2.833308696746826,,
125,10,,1.0,0.6360635757446289,,
125,25,,1.0,0.7698774337768555,,
125,40,,1.0,1.178161382675171,,
125,55,,1.0,1.6003026962280271,,
125,70,,1.0,1.987759351730347,,
125,85,,1.0,4.754253625869751,,
125,100,,1.0,5.569964647293091,,
126,10,,1.0,0.9134321212768556,,
126,25,,1.0,0.7647340297698975,,
126,40,,1.0,3.5602943897247314,,
126,55,,1.0,1.5955324172973633,,
126,70,,1.0,2.0206727981567383,,
126,85,,1.0,2.4186928272247314,,
126,100,,1.0,2.8025271892547607,,
127,10,,1.0,1.7376759052276611,,
127,25,,1.0,1.460569143295288,,
127,40,,1.0,2.2779788970947266,,
127,55,,1.0,1.5803377628326416,,
127,70,,1.0,1.9798705577850344,,
127,85,,1.0,4.722325325012207,,
127,100,,1.0,2.7940471172332764,,
128,10,,1.0,0.6367034912109375,,
128,25,,1.0,2.143233299255371,,
128,40,,1.0,1.3694815635681152,,
128,55,,1.0,3.0772809982299805,,
128,70,,1.0,2.008617162704468,,
128,85,,1.0,2.3994791507720947,,
128,100,,1.0,2.804025650024414,,
129,10,,1.0,5.316572904586792,,
129,25,,1.0,2.138937473297119,,
129,40,,1.0,1.1802456378936768,,
129,55,,1.0,3.0817461013793945,,
129,70,,1.0,2.0035245418548584,,
129,85,,1.0,2.421211004257202,,
129,100,,1.0,2.8262882232666016,,
130,10,,1.0,0.35589599609375,,
130,25,,1.0,0.7673699855804443,,
130,40,,1.0,1.3674170970916748,,
130,55,,1.0,1.5810673236846924,,
130,70,,1.0,1.9970800876617432,,
130,85,,1.0,2.40818190574646,,
130,100,,1.0,2.809810161590576,,
131,10,,1.0,0.9118421077728271,,
131,25,,1.0,2.15071964263916,,
131,40,,1.0,2.271127462387085,,
131,55,,1.0,1.6015522480010986,,
131,70,,1.0,2.0120692253112797,,
131,85,,1.0,2.41517972946167,,
131,100,,1.0,5.588025093078613,,
132,10,,1.0,2.847531080245972,,
132,25,,1.0,2.144640684127808,,
132,40,,1.0,2.482823133468628,,
132,55,,1.0,1.5982942581176758,,
132,70,,1.0,2.031257152557373,,
132,85,,1.0,2.381401538848877,,
132,100,,1.0,2.3602135181427,,
133,10,,1.0,1.226060390472412,,
133,25,,1.0,1.4672677516937256,,
133,40,,1.0,1.1896541118621826,,
133,55,,1.0,1.582624912261963,,
133,70,,1.0,3.9152886867523193,,
133,85,,1.0,2.3790392875671387,,
133,100,,1.0,2.79794979095459,,
134,10,,1.0,0.9005551338195801,,
134,25,,1.0,0.7484781742095947,,
134,40,,1.0,3.515999317169189,,
134,55,,1.0,1.574155569076538,,
134,70,,1.0,3.860784530639648,,
134,85,,1.0,2.388258695602417,,
134,100,,1.0,2.790041208267212,,
135,10,,1.0,0.3533382415771484,,
135,25,,1.0,0.7536671161651611,,
135,40,,1.0,1.165308713912964,,
135,55,,1.0,1.575342893600464,,
135,70,,1.0,1.9675180912017824,,
135,85,,1.0,4.676544904708862,,
135,100,,1.0,2.749837636947632,,
136,10,,1.0,0.6264033317565918,,
136,25,,1.0,2.1003925800323486,,
136,40,,1.0,1.3573133945465088,,
136,55,,1.0,1.582406997680664,,
136,70,,1.0,1.9729266166687007,,
136,85,,1.0,2.3868136405944824,,
136,100,,1.0,2.7827141284942627,,
137,10,,1.0,3.344956636428833,,
137,25,,1.0,1.427703619003296,,
137,40,,1.0,2.2345638275146484,,
137,55,,1.0,4.545945167541504,,
137,70,,1.0,1.9784929752349851,,
137,85,,1.0,2.3841772079467773,,
137,100,,1.0,2.7916555404663086,,
138,10,,1.0,1.4384050369262695,,
138,25,,1.0,2.1181716918945312,,
138,40,,1.0,1.3465867042541504,,
138,55,,1.0,1.5697331428527832,,
138,70,,1.0,1.985900402069092,,
138,85,,1.0,2.389500141143799,,
138,100,,1.0,2.789371967315674,,
139,10,,1.0,0.3523757457733154,,
139,25,,1.0,2.797386884689331,,
139,40,,1.0,1.1655306816101074,,
139,55,,1.0,1.566662311553955,,
139,70,,1.0,1.959638595581055,,
139,85,,1.0,4.675842761993408,,
139,100,,1.0,2.755699396133423,,
140,10,,1.0,0.6295950412750244,,
140,25,,1.0,1.4286985397338867,,
140,40,,1.0,1.349776029586792,,
140,55,,1.0,1.5697975158691406,,
140,70,,1.0,1.9783854484558103,,
140,85,,1.0,2.3877532482147217,,
140,100,,1.0,2.795812129974365,,
141,10,,1.0,0.6308343410491943,,
141,25,,1.0,1.4324378967285156,,
141,40,,1.0,1.16959810256958,,
141,55,,1.0,1.578906536102295,,
141,70,,1.0,1.9503421783447263,,
141,85,,1.0,2.3867576122283936,,
141,100,,1.0,5.457515478134155,,
142,10,,1.0,0.3573381900787353,,
142,25,,1.0,2.1154913902282715,,
142,40,,1.0,2.43178653717041,,
142,55,,1.0,1.5717694759368896,,
142,70,,1.0,3.851551532745361,,
142,85,,1.0,2.3825325965881348,,
142,100,,1.0,2.767808198928833,,
143,10,,1.0,0.3561124801635742,,
143,25,,1.0,0.7514121532440186,,
143,40,,1.0,1.1610605716705322,,
143,55,,1.0,1.5727779865264893,,
143,70,,1.0,1.9767489433288572,,
143,85,,1.0,2.38298773765564,,
143,100,,1.0,2.786900758743286,,
144,10,,1.0,0.3559861183166504,,
144,25,,1.0,0.752284049987793,,
144,40,,1.0,2.4108669757843018,,
144,55,,1.0,1.5782928466796875,,
144,70,,1.0,3.838172435760498,,
144,85,,1.0,2.245028018951416,,
144,100,,1.0,2.5361618995666504,,
145,10,,1.0,0.3058278560638428,,
145,25,,1.0,0.6252379417419434,,
145,40,,1.0,0.9765632152557372,,
145,55,,1.0,1.3270299434661863,,
145,70,,1.0,1.666247844696045,,
145,85,,1.0,2.005406379699707,,
145,100,,1.0,4.61372971534729,,
146,10,,1.0,0.303239107131958,,
146,25,,1.0,0.6343200206756592,,
146,40,,1.0,1.1238796710968018,,
146,55,,1.0,1.3268723487854004,,
146,70,,1.0,3.249014616012573,,
146,85,,1.0,2.003490209579468,,
146,100,,1.0,4.586073160171509,,
147,10,,1.0,0.3007204532623291,,
147,25,,1.0,2.3430111408233643,,
147,40,,1.0,1.8846862316131592,,
147,55,,1.0,1.3210182189941406,,
147,70,,1.0,1.6532821655273438,,
147,85,,1.0,3.891689777374268,,
147,100,,1.0,2.349803686141968,,
148,10,,1.0,0.2947237491607666,,
148,25,,1.0,0.6280896663665771,,
148,40,,1.0,1.1032049655914309,,
148,55,,1.0,1.3192203044891355,,
148,70,,1.0,1.637685775756836,,
148,85,,1.0,1.997714281082153,,
148,100,,1.0,2.3137853145599365,,
149,10,,1.0,1.8934497833251955,,
149,25,,1.0,1.7711570262908936,,
149,40,,1.0,0.9771466255187988,,
149,55,,1.0,1.3233726024627686,,
149,70,,1.0,1.6590824127197266,,
149,85,,1.0,3.906556844711304,,
149,100,,1.0,2.344388484954834,,
150,10,,1.0,0.2971954345703125,,
150,25,,1.0,1.1950113773345947,,
150,40,,1.0,1.1043109893798828,,
150,55,,1.0,1.2986938953399658,,
150,70,,1.0,1.6505873203277588,,
150,85,,1.0,1.9831361770629885,,
150,100,,1.0,2.342210531234741,,
151,10,,1.0,0.984978437423706,,
151,25,,1.0,1.2017645835876465,,
151,40,,1.0,0.9780287742614746,,
151,55,,1.0,1.3187286853790283,,
151,70,,1.0,1.6558547019958496,,
151,85,,1.0,1.9969193935394287,,
151,100,,1.0,6.896123886108398,,
152,10,,1.0,3.0335464477539062,,
152,25,,1.0,0.6392927169799805,,
152,40,,1.0,1.0942614078521729,,
152,55,,1.0,1.3228187561035156,,
152,70,,1.0,1.6602911949157717,,
152,85,,1.0,3.916234016418457,,
152,100,,1.0,2.3293797969818115,,
153,10,,1.0,0.2987840175628662,,
153,25,,1.0,0.6392374038696289,,
153,40,,1.0,1.8808214664459229,,
153,55,,1.0,1.319547176361084,,
153,70,,1.0,1.6581063270568848,,
153,85,,1.0,3.922061681747437,,
153,100,,1.0,2.3367068767547607,,
154,10,,1.0,0.9819252490997314,,
154,25,,1.0,0.6390442848205566,,
154,40,,1.0,1.108133316040039,,
154,55,,1.0,1.3221497535705566,,
154,70,,1.0,3.215214490890503,,
154,85,,1.0,5.856485366821289,,
154,100,,1.0,2.345212459564209,,
155,10,,1.0,1.2077221870422363,,
155,25,,1.0,0.6401383876800537,,
155,40,,1.0,0.9756624698638916,,
155,55,,1.0,1.3100473880767822,,
155,70,,1.0,1.6654620170593262,,
155,85,,1.0,1.9732749462127688,,
155,100,,1.0,4.5877180099487305,,
156,10,,1.0,0.5248470306396484,,
156,25,,1.0,0.6411550045013428,,
156,40,,1.0,2.898886442184448,,
156,55,,1.0,2.5628466606140137,,
156,70,,1.0,1.664499282836914,,
156,85,,1.0,3.9230122566223145,,
156,100,,1.0,2.341546058654785,,
157,10,,1.0,0.2999968528747558,,
157,25,,1.0,0.6382734775543213,,
157,40,,1.0,0.9806954860687256,,
157,55,,1.0,2.5685067176818848,,
157,70,,1.0,1.6628077030181885,,
157,85,,1.0,2.005483865737915,,
157,100,,1.0,2.329401969909668,,
158,10,,1.0,0.5220339298248291,,
158,25,,1.0,1.2084364891052246,,
158,40,,1.0,1.10821533203125,,
158,55,,1.0,1.3227825164794922,,
158,70,,1.0,1.6633565425872805,,
158,85,,1.0,2.0002903938293457,,
158,100,,1.0,2.344485282897949,,
159,10,,1.0,0.5282776355743408,,
159,25,,1.0,0.6382293701171875,,
159,40,,1.0,0.9793210029602052,,
159,55,,1.0,1.3215603828430176,,
159,70,,1.0,1.6572487354278564,,
159,85,,1.0,1.9834182262420652,,
159,100,,1.0,2.3175783157348637,,
160,10,,1.0,0.2987780570983886,,
160,25,,1.0,1.1929898262023926,,
160,40,,1.0,2.0008485317230225,,
160,55,,1.0,1.3244378566741943,,
160,70,,1.0,1.6503033638000488,,
160,85,,1.0,1.996929407119751,,
160,100,,1.0,2.341960430145264,,
161,10,,1.0,0.2979280948638916,,
161,25,,1.0,1.1983726024627686,,
161,40,,1.0,0.98663330078125,,
161,55,,1.0,1.3220515251159668,,
161,70,,1.0,1.6670236587524414,,
161,85,,1.0,2.003267288208008,,
161,100,,1.0,2.309087038040161,,
162,10,,1.0,0.7587172985076904,,
162,25,,1.0,1.208219051361084,,
162,40,,1.0,1.1055617332458496,,
162,55,,1.0,1.3103539943695068,,
162,70,,1.0,1.6337573528289795,,
162,85,,1.0,1.993690490722656,,
162,100,,1.0,2.3215560913085938,,
163,10,,1.0,0.757727861404419,,
163,25,,1.0,0.6371250152587891,,
163,40,,1.0,3.666304588317871,,
163,55,,1.0,2.553337335586548,,
163,70,,1.0,3.2096641063690186,,
163,85,,1.0,2.0095911026000977,,
163,100,,1.0,4.6008007526397705,,
164,10,,1.0,0.5273559093475342,,
164,25,,1.0,1.2001121044158936,,
164,40,,1.0,1.0926682949066162,,
164,55,,1.0,1.3270094394683838,,
164,70,,1.0,1.6706953048706057,,
164,85,,1.0,2.004171371459961,,
164,100,,1.0,2.321276426315308,,
165,10,,1.0,0.5247883796691895,,
165,25,,1.0,2.335978746414185,,
165,40,,1.0,0.9799063205718994,,
165,55,,1.0,1.304401397705078,,
165,70,,1.0,1.675614595413208,,
165,85,,1.0,2.010655403137207,,
165,100,,1.0,2.3202500343322754,,
166,10,,1.0,1.44480562210083,,
166,25,,1.0,0.6315345764160156,,
166,40,,1.0,2.0042288303375244,,
166,55,,1.0,1.3246099948883057,,
166,70,,1.0,1.6636710166931152,,
166,85,,1.0,2.001025915145874,,
166,100,,1.0,2.34092378616333,,
167,10,,1.0,0.5229668617248535,,
167,25,,1.0,0.6364154815673828,,
167,40,,1.0,0.9771451950073242,,
167,55,,1.0,1.3027360439300537,,
167,70,,1.0,3.240105390548706,,
167,85,,1.0,1.99626898765564,,
167,100,,1.0,2.350292444229126,,
168,10,,1.0,0.2955877780914306,,
168,25,,1.0,1.782658338546753,,
168,40,,1.0,1.0990650653839111,,
168,55,,1.0,1.326169729232788,,
168,70,,1.0,3.256962776184082,,
168,85,,1.0,2.003006219863892,,
168,100,,1.0,2.3398516178131104,,
169,10,,1.0,0.9815895557403564,,
169,25,,1.0,1.2099559307098389,,
169,40,,1.0,3.689084768295288,,
169,55,,1.0,2.562454462051392,,
169,70,,1.0,1.663400650024414,,
169,85,,1.0,3.926637887954712,,
169,100,,1.0,4.601996898651123,,
170,10,,1.0,0.3004674911499023,,
170,25,,1.0,1.2069847583770752,,
170,40,,1.0,1.20129656791687,,
170,55,,1.0,2.583958148956299,,
170,70,,1.0,1.662574291229248,,
170,85,,1.0,1.9999125003814695,,
170,100,,1.0,4.593416452407837,,
171,10,,1.0,0.7561368942260742,,
171,25,,1.0,0.6329238414764404,,
171,40,,1.0,1.8788344860076904,,
171,55,,1.0,3.797141790390015,,
171,70,,1.0,1.660231590270996,,
171,85,,1.0,1.9959640502929688,,
171,100,,1.0,2.341036558151245,,
172,10,,1.0,1.2056965827941897,,
172,25,,1.0,0.630094051361084,,
172,40,,1.0,1.1252260208129885,,
172,55,,1.0,1.319981336593628,,
172,70,,1.0,1.645498514175415,,
172,85,,1.0,2.002647399902344,,
172,100,,1.0,2.336585998535156,,
173,10,,1.0,0.9835937023162842,,
173,25,,1.0,0.6282732486724854,,
173,40,,1.0,0.9850296974182128,,
173,55,,1.0,1.3269126415252686,,
173,70,,1.0,1.6477396488189695,,
173,85,,1.0,2.0056183338165283,,
173,100,,1.0,2.340684175491333,,
174,10,,1.0,0.3002431392669678,,
174,25,,1.0,1.7735085487365725,,
174,40,,1.0,1.1056995391845703,,
174,55,,1.0,1.3202683925628662,,
174,70,,1.0,1.6432969570159912,,
174,85,,1.0,1.999661922454834,,
174,100,,1.0,2.3028311729431152,,
175,10,,1.0,0.5253901481628418,,
175,25,,1.0,0.6336512565612793,,
175,40,,1.0,0.9782946109771729,,
175,55,,1.0,1.318376541137695,,
175,70,,1.0,1.6628119945526123,,
175,85,,1.0,1.9997200965881348,,
175,100,,1.0,2.345186948776245,,
176,10,,1.0,0.7570672035217285,,
176,25,,1.0,2.3301587104797363,,
176,40,,1.0,2.003112316131592,,
176,55,,1.0,1.3198602199554443,,
176,70,,1.0,4.791505813598633,,
176,85,,1.0,1.9971885681152344,,
176,100,,1.0,2.34403657913208,,
177,10,,1.0,0.5252747535705566,,
177,25,,1.0,0.6374258995056152,,
177,40,,1.0,0.9693453311920166,,
177,55,,1.0,1.3169240951538086,,
177,70,,1.0,3.222815752029419,,
177,85,,1.0,1.9985473155975344,,
177,100,,1.0,2.343968152999878,,
178,10,,1.0,0.2962327003479004,,
178,25,,1.0,0.6462652683258057,,
178,40,,1.0,2.0333139896392822,,
178,55,,1.0,1.3208370208740234,,
178,70,,1.0,1.6599977016448977,,
178,85,,1.0,1.9963712692260744,,
178,100,,1.0,2.339787244796753,,
179,10,,1.0,0.3015675544738769,,
179,25,,1.0,0.6423499584197998,,
179,40,,1.0,0.9708199501037598,,
179,55,,1.0,1.3246967792510986,,
179,70,,1.0,1.658339500427246,,
179,85,,1.0,1.999452829360962,,
179,100,,1.0,2.347329378128052,,
180,10,,1.0,0.7498688697814941,,
180,25,,1.0,1.206594467163086,,
180,40,,1.0,1.1091039180755615,,
180,55,,1.0,1.3214740753173828,,
180,70,,1.0,1.658919095993042,,
180,85,,1.0,2.001178741455078,,
180,100,,1.0,2.3436169624328613,,
181,10,,1.0,0.2998621463775635,,
181,25,,1.0,0.6383922100067139,,
181,40,,1.0,1.8883955478668213,,
181,55,,1.0,1.3085145950317385,,
181,70,,1.0,1.6540071964263916,,
181,85,,1.0,2.0018112659454346,,
181,100,,1.0,2.3202195167541504,,
182,10,,1.0,0.2985060214996338,,
182,25,,1.0,1.2100794315338137,,
182,40,,1.0,1.1123733520507812,,
182,55,,1.0,2.5686612129211426,,
182,70,,1.0,1.6610603332519531,,
182,85,,1.0,1.999159336090088,,
182,100,,1.0,2.340449810028076,,
183,10,,1.0,1.215519905090332,,
183,25,,1.0,0.6414594650268555,,
183,40,,1.0,0.9785916805267334,,
183,55,,1.0,1.3162918090820312,,
183,70,,1.0,1.671294927597046,,
183,85,,1.0,1.9688432216644287,,
183,100,,1.0,4.613495826721191,,
184,10,,1.0,0.2990496158599853,,
184,25,,1.0,1.1958398818969729,,
184,40,,1.0,1.1109895706176758,,
184,55,,1.0,1.306717872619629,,
184,70,,1.0,1.6564149856567385,,
184,85,,1.0,2.0005366802215576,,
184,100,,1.0,2.334677696228028,,
185,10,,1.0,0.97987961769104,,
185,25,,1.0,0.6377253532409668,,
185,40,,1.0,0.9804408550262452,,
185,55,,1.0,1.2966394424438477,,
185,70,,1.0,3.2226362228393555,,
185,85,,1.0,1.996020793914795,,
185,100,,1.0,2.3054661750793457,,
186,10,,1.0,0.3002655506134033,,
186,25,,1.0,1.7698237895965576,,
186,40,,1.0,1.1125516891479492,,
186,55,,1.0,1.3022198677062988,,
186,70,,1.0,1.6364905834197998,,
186,85,,1.0,1.983834743499756,,
186,100,,1.0,2.3438687324523926,,
187,10,,1.0,1.217625379562378,,
187,25,,1.0,0.6412420272827148,,
187,40,,1.0,0.9822683334350586,,
187,55,,1.0,1.3210761547088623,,
187,70,,1.0,1.660008668899536,,
187,85,,1.0,3.906557559967041,,
187,100,,1.0,2.3074471950531006,,
188,10,,1.0,0.3005702495574951,,
188,25,,1.0,0.6384685039520264,,
188,40,,1.0,1.1071727275848389,,
188,55,,1.0,1.3172869682312012,,
188,70,,1.0,1.6573636531829834,,
188,85,,1.0,1.9701473712921145,,
188,100,,1.0,2.3195526599884038,,
189,10,,1.0,0.2987210750579834,,
189,25,,1.0,1.2075281143188477,,
189,40,,1.0,0.9630601406097412,,
189,55,,1.0,2.545337200164795,,
189,70,,1.0,1.6678924560546875,,
189,85,,1.0,1.9956953525543213,,
189,100,,1.0,2.362016201019287,,
190,10,,1.0,0.5289621353149414,,
190,25,,1.0,1.2053966522216797,,
190,40,,1.0,2.006394863128662,,
190,55,,1.0,1.3189640045166016,,
190,70,,1.0,1.65627121925354,,
190,85,,1.0,2.0005598068237305,,
190,100,,1.0,2.330765008926392,,
191,10,,1.0,0.7570488452911377,,
191,25,,1.0,0.6368470191955566,,
191,40,,1.0,1.864728927612305,,
191,55,,1.0,2.552067756652832,,
191,70,,1.0,1.643540620803833,,
191,85,,1.0,1.995354413986206,,
191,100,,1.0,2.320335865020752,,
192,10,,1.0,1.4364352226257324,,
192,25,,1.0,0.6296443939208984,,
192,40,,1.0,1.9974172115325928,,
192,55,,1.0,2.5637853145599365,,
192,70,,1.0,1.6601076126098633,,
192,85,,1.0,1.995640993118286,,
192,100,,1.0,2.3384387493133545,,
193,10,,1.0,2.574718713760376,,
193,25,,1.0,0.6392126083374023,,
193,40,,1.0,1.874265193939209,,
193,55,,1.0,1.3196499347686768,,
193,70,,1.0,3.2275712490081787,,
193,85,,1.0,1.9973409175872805,,
193,100,,1.0,2.329888343811035,,
194,10,,1.0,0.9796202182769777,,
194,25,,1.0,0.6370906829833984,,
194,40,,1.0,1.0900325775146484,,
194,55,,1.0,5.051382541656494,,
194,70,,1.0,3.212712287902832,,
194,85,,1.0,1.9609181880950928,,
194,100,,1.0,2.314838171005249,,
195,10,,1.0,0.9757792949676514,,
195,25,,1.0,1.1853313446044922,,
195,40,,1.0,1.883868932723999,,
195,55,,1.0,1.3021955490112305,,
195,70,,1.0,1.6505389213562012,,
195,85,,1.0,1.997997760772705,,
195,100,,1.0,2.335658311843872,,
196,10,,1.0,0.5135781764984131,,
196,25,,1.0,1.7728636264801023,,
196,40,,1.0,1.0955040454864502,,
196,55,,1.0,1.320802927017212,,
196,70,,1.0,1.654104471206665,,
196,85,,1.0,2.0000967979431152,,
196,100,,1.0,4.607327222824097,,
197,10,,1.0,1.4443600177764893,,
197,25,,1.0,1.202648401260376,,
197,40,,1.0,0.9820575714111328,,
197,55,,1.0,1.3075065612792969,,
197,70,,1.0,3.219845533370972,,
197,85,,1.0,2.033578395843506,,
197,100,,1.0,2.3496038913726807,,
198,10,,1.0,0.9818458557128906,,
198,25,,1.0,1.2025442123413086,,
198,40,,1.0,1.115055799484253,,
198,55,,1.0,1.3308532238006592,,
198,70,,1.0,1.673129320144653,,
198,85,,1.0,1.980605125427246,,
198,100,,1.0,2.34710431098938,,
199,10,,1.0,0.2993495464324951,,
199,25,,1.0,0.6327419281005859,,
199,40,,1.0,0.9703021049499512,,
199,55,,1.0,1.3184523582458496,,
199,70,,1.0,1.6568646430969238,,
199,85,,1.0,2.0015225410461426,,
199,100,,1.0,2.335566520690918,,
